time,latitude,longitude,depth,mag,magType,nst,gap,dmin,rms,net,id,updated,place,type,horizontalError,depthError,magError,magNst,status,locationSource,magSource
2024-12-10T23:44:39.950Z,40.6824989318848,-124.338165283203,26.4699993133545,2.1,md,21,191,0.2493,0.14,nc,nc75101366,2024-12-10T23:57:17.208Z,"13 km NNW of Ferndale, CA",earthquake,1.11,2.68000007,0.18,12,automatic,nc,nc
2024-12-10T21:50:44.750Z,40.4119987487793,-125.41283416748,4.76999998092651,3.24,ml,42,287,0.8231,0.58,nc,nc75101286,2024-12-10T23:47:18.149Z,"96 km WNW of Petrolia, CA",earthquake,12.53,35.1899986,0.248,5,automatic,nc,nc
2024-12-10T19:14:19.830Z,40.3498344421387,-125.075164794922,0.0900000035762787,2.79,md,26,288,0.5635,0.31,nc,nc75101206,2024-12-10T21:22:14.142Z,"67 km WNW of Petrolia, CA",earthquake,5.72,8.07999992,0.18,18,automatic,nc,nc
2024-12-10T18:43:47.860Z,40.2598342895508,-124.747665405273,5.5,2.37,md,5,324,0.3112,0.12,nc,nc75101181,2024-12-10T20:47:16.888Z,"40 km W of Petrolia, CA",earthquake,8.77,7.30000019,0.07,6,automatic,nc,nc
2024-12-10T17:28:04.150Z,40.7831649780273,-124.556503295898,20.0900001525879,2.85,md,28,226,,0.13,nc,nc75101136,2024-12-10T18:41:17.040Z,"31 km WNW of Bayview, CA",earthquake,0.92,1.95000005,0.08,18,automatic,nc,nc
2024-12-10T17:20:30.410Z,40.339168548584,-124.736000061035,24.0100002288818,2.67,md,21,238,,0.16,nc,nc75101131,2024-12-10T17:42:16.606Z,"38 km WNW of Petrolia, CA",earthquake,1.57,5.65999985,0.05,13,automatic,nc,nc
2024-12-10T15:21:32.770Z,40.3533325195312,-124.972831726074,14.1199998855591,2.74,md,46,260,,0.21,nc,nc75101071,2024-12-10T15:22:58.728Z,"58 km WNW of Petrolia, CA",earthquake,2.33,2.28999996,0.07,18,automatic,nc,nc
2024-12-10T14:14:51.750Z,40.4150009155273,-125.158332824707,0.889999985694885,2.9,md,50,282,,0.5,nc,nc75101036,2024-12-10T14:16:19.804Z,"75 km WNW of Petrolia, CA",earthquake,4.24,11.9899998,0.1,19,automatic,nc,nc
2024-12-10T13:26:32.760Z,40.3296661376953,-124.903663635254,13.9200000762939,3.2,ml,45,260,,0.37,nc,nc75101021,2024-12-10T17:09:23.040Z,"52 km WNW of Petrolia, CA",earthquake,4.3,3.32999992,0.236,5,automatic,nc,nc
2024-12-10T13:01:06.760Z,40.3405,-124.789333333333,2.32,4.17,mw,144,226,0.3455,0.25,nc,nc75101006,2024-12-10T22:59:06.643Z,"43 km WNW of Petrolia, CA",earthquake,0.44,0.98,,14,reviewed,nc,nc
2024-12-10T11:21:42.460Z,40.298999786377,-124.519500732422,5.84000015258789,2.65,md,22,267,,0.09,nc,nc75100976,2024-12-10T11:23:19.276Z,"20 km W of Petrolia, CA",earthquake,1.71,0.99000001,0.11,22,automatic,nc,nc
2024-12-10T10:57:31.640Z,40.2845001220703,-124.549835205078,19.7800006866455,2.08,md,12,302,,0.05,nc,nc75100971,2024-12-10T10:59:08.094Z,"23 km W of Petrolia, CA",earthquake,2.35,0.360000014,0.14,7,automatic,nc,nc
2024-12-10T10:27:42.180Z,40.2953338623047,-124.572166442871,-0.109999999403954,3.49,ml,41,262,,0.28,nc,nc75100956,2024-12-10T11:30:37.656Z,"25 km W of Petrolia, CA",earthquake,2.67,4.01999998,0.469,5,reviewed,nc,nc
2024-12-10T10:25:57.520Z,40.2951666666667,-124.505666666667,7.9,3.65,mw,49,252,0.1249,0.19,nc,nc75100951,2024-12-11T00:37:17.487Z,"19 km W of Petrolia, CA",earthquake,0.51,0.4,,7,reviewed,nc,nc
2024-12-10T10:20:18.600Z,40.3176651000977,-124.470664978027,8.47999954223633,2.26,md,14,262,,0.05,nc,nc75100946,2024-12-10T10:21:58.782Z,"16 km W of Petrolia, CA",earthquake,1.35,0.639999986,0.09,13,automatic,nc,nc
2024-12-10T09:12:44.810Z,40.646167755127,-124.249496459961,14.3500003814697,1.94,md,15,212,,0.09,nc,nc75100926,2024-12-10T09:16:23.630Z,"8 km NNE of Ferndale, CA",earthquake,0.74,1.19000006,0.09,9,automatic,nc,nc
2024-12-10T09:02:32.250Z,40.303165435791,-124.583335876465,10.5500001907349,2.57,md,17,282,,0.17,nc,nc75100916,2024-12-10T09:04:08.169Z,"25 km W of Petrolia, CA",earthquake,3.57,1.75999999,0.14,14,automatic,nc,nc
2024-12-10T07:29:13.010Z,40.3095016479492,-124.984497070312,5.03999996185303,2.86,md,25,285,,0.24,nc,nc75100871,2024-12-10T07:30:53.257Z,"59 km W of Petrolia, CA",earthquake,4.83,4.82000017,0.11,20,automatic,nc,nc
2024-12-10T06:33:42.620Z,40.3646659851074,-124.943496704102,1.5900000333786,2.35,md,11,304,,0.17,nc,nc75100816,2024-12-10T06:35:22.899Z,"56 km WNW of Petrolia, CA",earthquake,7.97,11.6599998,0.11,8,automatic,nc,nc
2024-12-10T05:53:20.700Z,40.2651672363281,-124.602668762207,21.7600002288818,2.6,md,8,322,,0.08,nc,nc75100691,2024-12-10T05:55:02.831Z,"28 km W of Petrolia, CA",earthquake,7.18,0.75999999,0.06,6,automatic,nc,nc
2024-12-10T05:25:40.570Z,40.3136672973633,-124.455169677734,7.65000009536743,2.1,md,16,269,,0.07,nc,nc75100676,2024-12-10T05:27:16.590Z,"14 km W of Petrolia, CA",earthquake,2.1,0.709999979,0.1,15,automatic,nc,nc
2024-12-10T04:25:36.230Z,40.3566665649414,-124.314666748047,8.51000022888184,2.06,md,4,199,,0.19,nc,nc75100646,2024-12-10T04:27:03.980Z,"4 km NNW of Petrolia, CA",earthquake,8.2,12.4200001,0.13,4,automatic,nc,nc
2024-12-10T00:58:27.190Z,40.3393325805664,-124.962669372559,5.09000015258789,2.73,md,23,263,,0.22,nc,nc75100496,2024-12-10T01:01:22.722Z,"57 km WNW of Petrolia, CA",earthquake,3.69,4.94999981,0.11,16,automatic,nc,nc
2024-12-10T00:56:18.850Z,40.4221649169922,-124.764663696289,-0.600000023841858,2.96,md,20,253,0.4795,0.41,nc,nc75100491,2024-12-10T00:57:52.495Z,"42 km WNW of Petrolia, CA",earthquake,8.43,14.54,0.16,15,automatic,nc,nc
2024-12-10T00:56:03.100Z,40.3983345031738,-125.103996276855,0.889999985694885,3.29,ml,27,269,,0.33,nc,nc75100486,2024-12-10T00:58:06.102Z,"70 km WNW of Petrolia, CA",earthquake,4.73,8.42000008,0.242,4,automatic,nc,nc
2024-12-09T22:52:44.240Z,40.3293342590332,-125.026664733887,0.209999993443489,3.09,ml,25,283,,0.37,nc,nc75100351,2024-12-10T05:09:54.040Z,"63 km WNW of Petrolia, CA",earthquake,5.92,11.0100002,0.5,5,automatic,nc,nc
2024-12-09T21:35:30.120Z,40.3004989624023,-124.397003173828,15.5600004196167,1.57,md,10,279,0.04333,0.02,nc,nc75100306,2024-12-09T21:37:07.998Z,"10 km W of Petrolia, CA",earthquake,2.35,1.86000001,0.19,6,automatic,nc,nc
2024-12-09T21:25:30.410Z,40.2811660766602,-125.10033416748,0.899999976158142,2.94,md,18,290,0.5797,0.15,nc,nc75100296,2024-12-10T03:46:11.040Z,"69 km W of Petrolia, CA",earthquake,4.49,7.46999979,0.08,12,automatic,nc,nc
2024-12-09T20:25:30.310Z,40.2775001525879,-124.608833312988,2.39000010490417,3.02,ml,17,280,0.204,0.28,nc,nc75100246,2024-12-09T20:27:33.318Z,"28 km W of Petrolia, CA",earthquake,7.05,8.35000038,0.182,5,automatic,nc,nc
2024-12-09T20:13:35.930Z,40.3675003051758,-124.979164123535,0.100000001490116,2.61,md,26,264,0.493,0.32,nc,nc75100241,2024-12-10T03:57:22.752Z,"59 km WNW of Petrolia, CA",earthquake,3.47,7.51000023,0.06,7,automatic,nc,nc
2024-12-09T19:24:24.560Z,40.3605003356934,-124.638999938965,16.3899993896484,3.16,md,26,272,0.2378,0.35,nc,nc75100226,2024-12-09T19:29:28.040Z,"30 km WNW of Petrolia, CA",earthquake,5.75,2,0.11,22,automatic,nc,nc
2024-12-09T18:31:04.850Z,40.2813339233398,-123.84716796875,28.8199996948242,2.34,md,28,51,0.03606,0.1,nc,nc75100216,2024-12-09T18:42:43.889Z,"18 km N of Redway, CA",earthquake,0.36,0.839999974,0.18,21,automatic,nc,nc
2024-12-09T16:05:35.220Z,40.2755012512207,-124.557830810547,18.7900009155273,2.67,md,11,300,0.1652,0.08,nc,nc75100156,2024-12-09T17:07:14.281Z,"24 km W of Petrolia, CA",earthquake,3.06,0.74000001,0.13,9,automatic,nc,nc
2024-12-09T13:05:39.230Z,40.3151664733887,-124.492668151855,11.1599998474121,2.09,md,10,300,0.1178,0.07,nc,nc75100096,2024-12-09T14:47:18.309Z,"18 km W of Petrolia, CA",earthquake,2.13,0.579999983,0.11,7,automatic,nc,nc
2024-12-09T12:54:04.140Z,40.3418350219727,-124.519500732422,13.8900003433228,2.42,md,14,312,0.1454,0.08,nc,nc75100091,2024-12-09T14:32:17.210Z,"20 km WNW of Petrolia, CA",earthquake,3.29,0.839999974,0.15,11,automatic,nc,nc
2024-12-09T12:21:45.760Z,40.3946647644043,-124.918830871582,19.4899997711182,3.02,md,30,273,0.451,0.21,nc,nc75100081,2024-12-09T14:07:18.176Z,"54 km WNW of Petrolia, CA",earthquake,2.67,4.36000013,0.07,15,automatic,nc,nc
2024-12-09T11:52:21.260Z,40.3108329772949,-123.795829772949,6.71999979019165,2.28,md,5,178,0.1394,0.21,nc,nc75100076,2024-12-09T13:47:17.923Z,"21 km NNE of Redway, CA",earthquake,7.25,15.7399998,0.1,7,automatic,nc,nc
2024-12-09T11:15:31.830Z,40.2723350524902,-124.654998779297,11.6000003814697,2.69,md,17,289,0.2395,0.14,nc,nc75100061,2024-12-09T13:32:16.816Z,"32 km W of Petrolia, CA",earthquake,3.11,1.75,0.12,16,automatic,nc,nc
2024-12-09T11:02:00.530Z,40.3655014038086,-124.738334655762,19.2999992370605,3.33,ml,63,237,0.3122,0.2,nc,nc75100056,2024-12-09T18:40:30.728Z,"39 km WNW of Petrolia, CA",earthquake,1.15,0.550000012,0.315,13,automatic,nc,nc
2024-12-09T10:40:34.590Z,40.341667175293,-124.985832214355,4.3600001335144,2.48,md,13,291,0.4947,0.44,nc,nc75100051,2024-12-09T13:07:17.744Z,"59 km WNW of Petrolia, CA",earthquake,14.31,15.3900003,0.17,6,automatic,nc,nc
2024-12-09T08:36:46.420Z,40.3343315124512,-124.56566619873,4.34000015258789,2.44,md,8,315,0.3329,0.06,nc,nc75099991,2024-12-10T08:28:37.040Z,"24 km WNW of Petrolia, CA",earthquake,5.87,3.4000001,,1,automatic,nc,nc
2024-12-09T08:35:49.640Z,40.420166015625,-124.782333374023,11.6499996185303,3.56,ml,57,237,0.344,0.25,nc,nc75099986,2024-12-10T08:18:50.040Z,"43 km WNW of Petrolia, CA",earthquake,2.22,1.37,0.237,8,reviewed,nc,nc
2024-12-09T08:22:31.440Z,40.2939987182617,-124.519165039062,18.8799991607666,3.33,ml,24,268,0.1352,0.06,nc,nc75099971,2024-12-10T07:54:28.040Z,"20 km W of Petrolia, CA",earthquake,1.2,0.25,0.229,6,automatic,nc,nc
2024-12-09T07:58:45.720Z,40.2944984436035,-124.494499206543,18.6100006103516,2.74,md,9,304,0.1164,0.04,nc,nc75099966,2024-12-09T09:42:17.244Z,"18 km W of Petrolia, CA",earthquake,2.31,0.600000024,0.29,3,automatic,nc,nc
2024-12-09T07:55:26.840Z,40.3359985351562,-124.681831359863,20.5599994659424,2.58,md,22,273,0.2637,0.16,nc,nc75099961,2024-12-09T09:27:16.143Z,"34 km WNW of Petrolia, CA",earthquake,2.35,0.74000001,0.1,13,automatic,nc,nc
2024-12-09T07:36:10.060Z,40.4095001220703,-124.691833496094,-0.189999997615814,2.81,md,16,268,0.2784,0.33,nc,nc75099946,2024-12-09T08:47:17.876Z,"36 km WNW of Petrolia, CA",earthquake,9.19,14.1599998,0.11,10,automatic,nc,nc
2024-12-09T07:15:42.290Z,40.3485,-124.917666666667,10,3.95,mw,150,225,0.4438,0.26,nc,nc75099936,2024-12-10T21:07:17.028Z,"54 km WNW of Petrolia, CA",earthquake,0.52,31.61,,5,reviewed,nc,nc
2024-12-09T04:08:07.730Z,39.7929992675781,-123.325668334961,5.86999988555908,1.68,md,8,137,0.1209,0.05,nc,nc75099886,2024-12-09T04:52:17.273Z,"7 km WNW of Covelo, CA",earthquake,0.37,1.45000005,0.1,7,automatic,nc,nc
2024-12-09T03:24:50.230Z,40.2348327636719,-124.804832458496,4.5,2.44,md,7,292,0.3578,0.13,nc,nc75099871,2024-12-09T04:07:17.998Z,"45 km W of Petrolia, CA",earthquake,5.22,7.46999979,0.13,4,automatic,nc,nc
2024-12-09T01:25:22.440Z,40.3296661376953,-124.495162963867,11.9700002670288,2.62,md,10,305,0.1237,0.08,nc,nc75099846,2024-12-09T03:27:17.725Z,"18 km WNW of Petrolia, CA",earthquake,3.5,0.610000014,0.12,6,automatic,nc,nc
2024-12-09T00:47:10.550Z,40.4508333333333,-124.987166666667,0.37,3.48,ml,18,293,0.4963,0.13,nc,nc75099831,2024-12-10T02:26:48.040Z,"61 km WNW of Petrolia, CA",earthquake,4.96,7.55,0.161,52,reviewed,nc,nc
2024-12-08T22:17:03.250Z,40.2911682128906,-124.988670349121,24.5900001525879,2.75,md,12,289,0.4942,0.21,nc,nc75099766,2024-12-09T01:07:16.813Z,"60 km W of Petrolia, CA",earthquake,6.12,15.5200005,0.11,6,automatic,nc,nc
2024-12-08T22:03:31.360Z,40.295166015625,-124.575836181641,10.1899995803833,2.9,md,17,277,0.1785,0.24,nc,nc75099761,2024-12-09T00:47:16.680Z,"25 km W of Petrolia, CA",earthquake,3.65,2.01999998,0.16,18,automatic,nc,nc
2024-12-08T21:07:15.590Z,40.3121681213379,-124.707496643066,8.72999954223633,2.66,md,13,301,0.2801,0.22,nc,nc75099706,2024-12-08T23:22:17.093Z,"36 km W of Petrolia, CA",earthquake,8.08,4.51999998,0.09,9,automatic,nc,nc
2024-12-08T21:03:54.140Z,40.4391670227051,-124.833503723145,1.80999994277954,2.54,md,15,304,0.3978,0.54,nc,nc75099696,2024-12-08T23:07:16.001Z,"48 km WNW of Petrolia, CA",earthquake,21.73,30.3199997,0.24,7,automatic,nc,nc
2024-12-08T18:54:09.390Z,40.2845001220703,-124.552833557129,10.539999961853,2.45,md,12,300,0.1609,0.11,nc,nc75099626,2024-12-08T19:57:16.636Z,"23 km W of Petrolia, CA",earthquake,3.09,1.11000001,0.09,10,automatic,nc,nc
2024-12-08T16:43:26.510Z,40.3141670227051,-124.449165344238,13.5200004577637,2.55,md,11,299,0.08546,0.04,nc,nc75099581,2024-12-08T18:42:15.075Z,"14 km W of Petrolia, CA",earthquake,3.84,0.790000021,0.02,8,automatic,nc,nc
2024-12-08T16:29:52.340Z,40.2891654968262,-124.838996887207,0.25,2.31,md,7,319,0.3797,0.16,nc,nc75099576,2024-12-08T18:27:17.973Z,"47 km W of Petrolia, CA",earthquake,8.87,12.29,0.1,7,automatic,nc,nc
2024-12-08T16:23:14.410Z,40.3720016479492,-124.954170227051,-0.0700000002980232,4.26,mw,130,233,0.4749,0.2,nc,nc75099566,2024-12-09T16:28:47.459Z,"57 km WNW of Petrolia, CA",earthquake,0.66,2.22000003,,24,reviewed,nc,nc
2024-12-08T16:13:04.660Z,40.3698348999023,-124.474334716797,12.4200000762939,1.59,md,6,326,0.1294,0.04,nc,nc75099551,2024-12-08T17:42:14.660Z,"17 km WNW of Petrolia, CA",earthquake,4.01,1.21000004,,1,automatic,nc,nc
2024-12-08T15:58:24.600Z,40.4480018615723,-124.840835571289,8.59000015258789,2.85,md,21,298,0.405,0.23,nc,nc75099541,2024-12-08T17:07:17.425Z,"49 km WNW of Petrolia, CA",earthquake,6.94,4.55999994,0.09,13,automatic,nc,nc
2024-12-08T15:15:43.780Z,40.3493347167969,-124.98999786377,-0.0199999995529652,3.28,ml,84,245,0.4987,0.27,nc,nc75099531,2024-12-08T16:22:18.113Z,"60 km WNW of Petrolia, CA",earthquake,1.54,4.19000006,0.39,4,automatic,nc,nc
2024-12-08T14:58:59.440Z,40.2736663818359,-124.775329589844,2.16000008583069,2.33,md,11,324,0.4639,0.25,nc,nc75099526,2024-12-08T16:07:17.006Z,"42 km W of Petrolia, CA",earthquake,14.32,11.4899998,0.05,6,automatic,nc,nc
2024-12-08T13:51:56.340Z,40.3246650695801,-124.45532989502,8.17000007629395,1.89,md,8,307,0.0935,0.04,nc,nc75099516,2024-12-08T15:27:16.719Z,"14 km W of Petrolia, CA",earthquake,3.23,0.639999986,0.08,5,automatic,nc,nc
2024-12-08T13:24:47.950Z,40.2541656494141,-124.627670288086,17.3099994659424,2.89,ml,14,291,0.3504,0.1,nc,nc75099506,2024-12-08T14:37:23.371Z,"30 km W of Petrolia, CA",earthquake,5.96,2.36999989,1.738,4,automatic,nc,nc
2024-12-08T12:55:18.770Z,40.3380012512207,-124.540664672852,13.6599998474121,2.74,md,20,279,0.1593,0.19,nc,nc75099486,2024-12-08T13:57:15.094Z,"22 km WNW of Petrolia, CA",earthquake,2.77,0.670000017,0.12,16,automatic,nc,nc
2024-12-08T12:49:57.990Z,40.3291664123535,-124.742668151855,22.7000007629395,3.02,ml,37,238,0.3086,0.18,nc,nc75099476,2024-12-08T13:42:16.983Z,"39 km WNW of Petrolia, CA",earthquake,1.14,4.09000015,0.204,5,automatic,nc,nc
2024-12-08T12:46:24.700Z,40.2383346557617,-124.828666687012,2.53999996185303,2.16,md,11,317,0.3753,0.21,nc,nc75099471,2024-12-08T13:27:15.890Z,"47 km W of Petrolia, CA",earthquake,11.46,11.9499998,0.12,8,automatic,nc,nc
2024-12-08T10:25:17.160Z,40.3385009765625,-124.958831787109,3.79999995231628,2.68,md,38,263,0.4739,0.23,nc,nc75099431,2024-12-08T19:03:01.796Z,"57 km WNW of Petrolia, CA",earthquake,3.09,3.74000001,0.08,12,automatic,nc,nc
2024-12-08T09:22:45.620Z,40.2998352050781,-124.473167419434,8.65999984741211,3.12,ml,25,260,0.1005,0.09,nc,nc75099406,2024-12-08T18:43:57.490Z,"16 km W of Petrolia, CA",earthquake,1.19,0.360000014,0.2,6,automatic,nc,nc
2024-12-08T08:52:22.690Z,40.2550010681152,-124.671165466309,0.800000011920929,2.14,md,7,309,0.2536,0.12,nc,nc75099396,2024-12-08T10:17:17.616Z,"34 km W of Petrolia, CA",earthquake,5.3,9.59000015,0.19,6,automatic,nc,nc
2024-12-08T08:42:39.550Z,40.3816680908203,-125.033164978027,-0.0199999995529652,3.17,ml,59,252,0.536,0.32,nc,nc75099386,2024-12-10T06:56:32.040Z,"64 km WNW of Petrolia, CA",earthquake,3.04,6.03999996,0.263,4,automatic,nc,nc
2024-12-08T07:58:24.750Z,40.2213325500488,-124.15650177002,-0.430000007152557,2.19,md,6,113,0.03034,0.12,nc,nc75099366,2024-12-08T09:07:15.222Z,"16 km SSE of Petrolia, CA",earthquake,0.38,0.939999998,0.05,8,automatic,nc,nc
2024-12-08T06:40:37.700Z,40.3271675109863,-124.449836730957,9.01000022888184,1.83,md,6,306,0.09068,0.01,nc,nc75099331,2024-12-08T08:42:15.938Z,"14 km WNW of Petrolia, CA",earthquake,3.93,1.09000003,0.04,5,automatic,nc,nc
2024-12-08T06:15:14.950Z,40.3036651611328,-124.393333435059,6.92999982833862,2.23,md,11,278,0.04168,0.02,nc,nc75099321,2024-12-08T08:07:14.709Z,"9 km W of Petrolia, CA",earthquake,1.38,0.360000014,0.12,11,automatic,nc,nc
2024-12-08T05:10:42.910Z,40.3629989624023,-124.809997558594,9.18000030517578,2.39,md,15,297,0.365,0.12,nc,nc75099306,2024-12-08T07:52:17.616Z,"45 km WNW of Petrolia, CA",earthquake,5.11,4.26000023,0.22,8,automatic,nc,nc
2024-12-08T04:54:45.720Z,40.2566680908203,-124.490501403809,18.3199996948242,2.69,md,11,295,0.1175,0.1,nc,nc75099286,2024-12-08T07:37:16.525Z,"19 km WSW of Petrolia, CA",earthquake,2.5,0.720000029,0.07,12,automatic,nc,nc
2024-12-08T04:47:44.090Z,40.3013343811035,-124.41633605957,8.94999980926514,1.81,md,10,277,0.05786,0.05,nc,nc75099281,2024-12-08T07:22:15.419Z,"11 km W of Petrolia, CA",earthquake,1.99,0.660000026,0.1,6,automatic,nc,nc
2024-12-08T04:34:37.990Z,40.1990013122559,-124.282333374023,18.5499992370605,2.2,md,17,202,0.08264,0.1,nc,nc75099271,2024-12-08T07:07:18.425Z,"14 km S of Petrolia, CA",earthquake,0.96,0.589999974,0.15,12,automatic,nc,nc
2024-12-08T04:17:03.590Z,40.3219985961914,-124.520500183105,10.7399997711182,2.05,md,10,313,0.1401,0.05,nc,nc75099261,2024-12-08T06:27:18.063Z,"20 km W of Petrolia, CA",earthquake,3.09,0.860000014,0.14,7,automatic,nc,nc
2024-12-08T02:01:24.800Z,40.3063316345215,-124.43433380127,12.1800003051758,1.71,md,9,295,0.07241,0.04,nc,nc75099206,2024-12-08T02:47:20.399Z,"13 km W of Petrolia, CA",earthquake,2.48,0.899999976,0.13,7,automatic,nc,nc
2024-12-07T22:54:32.410Z,40.2681655883789,-124.625999450684,-0.239999994635582,2.59,md,15,293,0.2178,0.31,nc,nc75099146,2024-12-08T00:47:19.566Z,"30 km W of Petrolia, CA",earthquake,6.01,10.2399998,0.09,13,automatic,nc,nc
2024-12-07T22:35:23.570Z,40.3741683959961,-124.919502258301,1.1599999666214,2.71,md,17,297,0.4493,0.21,nc,nc75099126,2024-12-08T00:32:14.460Z,"54 km WNW of Petrolia, CA",earthquake,7.48,11.8299999,0.09,11,automatic,nc,nc
2024-12-07T22:27:32.090Z,40.304500579834,-124.505836486816,7.61999988555908,2.09,md,13,268,0.1259,0.08,nc,nc75099116,2024-12-08T00:17:18.358Z,"19 km W of Petrolia, CA",earthquake,1.83,1.16999996,0.09,9,automatic,nc,nc
2024-12-07T22:04:31.110Z,40.2973327636719,-124.50333404541,7.5,3.43,ml,30,260,0.1233,0.15,nc,nc75099111,2024-12-08T00:07:15.307Z,"19 km W of Petrolia, CA",earthquake,1.63,0.720000029,0.231,14,automatic,nc,nc
2024-12-07T21:41:32.360Z,40.3206672668457,-124.703498840332,10.8500003814697,2.42,md,9,315,0.2779,0.05,nc,nc75099096,2024-12-07T23:47:19.176Z,"35 km W of Petrolia, CA",earthquake,5.81,1.70000005,0.04,8,automatic,nc,nc
2024-12-07T20:59:40.660Z,40.3748321533203,-124.929496765137,6.17999982833862,2.78,md,12,303,0.4569,0.34,nc,nc75099051,2024-12-07T23:32:14.079Z,"55 km WNW of Petrolia, CA",earthquake,18.41,16.2399998,0.13,9,automatic,nc,nc
2024-12-07T19:54:28.240Z,40.3001670837402,-124.476669311523,7.51999998092651,3.47,mw,27,262,0.1032,0.12,nc,nc75098996,2024-12-07T22:52:13.817Z,"16 km W of Petrolia, CA",earthquake,1.31,0.479999989,,4,reviewed,nc,nc
2024-12-07T19:48:25.590Z,40.3261680603027,-124.750999450684,20.8899993896484,2.65,md,19,251,0.3146,0.15,nc,nc75098991,2024-12-07T22:37:17.715Z,"40 km WNW of Petrolia, CA",earthquake,1.59,1,0.08,12,automatic,nc,nc
2024-12-07T18:27:47.700Z,40.2859992980957,-125.179664611816,0,2.44,md,15,294,0.6403,0.3,nc,nc75098921,2024-12-07T21:52:17.424Z,"76 km W of Petrolia, CA",earthquake,7.43,15.04,0.07,6,automatic,nc,nc
2024-12-07T18:11:45.220Z,40.2980003356934,-124.40633392334,16.9300003051758,1.79,md,8,282,0.04968,0.02,nc,nc75098901,2024-12-07T18:27:17.004Z,"11 km W of Petrolia, CA",earthquake,3.1,2.63000011,0.15,7,automatic,nc,nc
2024-12-07T17:51:39.330Z,40.3056678771973,-124.891830444336,4.30999994277954,2,md,8,321,0.4204,0.06,nc,nc75098891,2024-12-07T18:12:16.908Z,"51 km W of Petrolia, CA",earthquake,5.74,4.59000015,0.08,5,automatic,nc,nc
2024-12-07T17:11:46.800Z,40.3046684265137,-124.475830078125,10.1800003051758,2.08,md,14,262,0.1032,0.08,nc,nc75098866,2024-12-07T17:17:18.549Z,"16 km W of Petrolia, CA",earthquake,1.63,0.569999993,0.13,11,automatic,nc,nc
2024-12-07T17:04:01.560Z,40.3326683044434,-124.63516998291,11.9099998474121,2.4,md,13,301,0.2281,0.1,nc,nc75098856,2024-12-07T21:22:15.212Z,"30 km WNW of Petrolia, CA",earthquake,3.38,0.99000001,0.06,11,automatic,nc,nc
2024-12-07T16:43:59.580Z,40.337833404541,-124.615837097168,10.1099996566772,2.45,md,10,290,0.2147,0.04,nc,nc75098851,2024-12-07T21:07:14.101Z,"28 km WNW of Petrolia, CA",earthquake,3.15,1.29999995,0.05,9,automatic,nc,nc
2024-12-07T16:35:19.520Z,40.298999786377,-124.54467010498,14.4200000762939,2.23,md,16,274,0.1549,0.09,nc,nc75098846,2024-12-07T20:52:20.995Z,"22 km W of Petrolia, CA",earthquake,2.17,0.689999998,0.21,12,automatic,nc,nc
2024-12-07T16:09:32.100Z,40.2988319396973,-124.627166748047,16.2199993133545,1.96,md,8,309,0.2179,0.07,nc,nc75098826,2024-12-07T16:42:21.294Z,"29 km W of Petrolia, CA",earthquake,7.26,2.5999999,0.01,7,automatic,nc,nc
2024-12-07T16:01:41.430Z,40.3203315734863,-124.461502075195,7.8600001335144,1.94,md,8,270,0.09636,0.05,nc,nc75098816,2024-12-07T16:22:18.153Z,"15 km W of Petrolia, CA",earthquake,1.82,0.870000005,0.09,7,automatic,nc,nc
2024-12-07T14:49:09.060Z,40.3050003051758,-124.471168518066,9.78999996185303,2.61,md,17,260,0.09972,0.09,nc,nc75098796,2024-12-07T20:37:15.891Z,"16 km W of Petrolia, CA",earthquake,1.34,0.569999993,0.15,15,automatic,nc,nc
2024-12-07T14:42:20.350Z,40.3434982299805,-124.777168273926,2.83999991416931,2.99,ml,44,252,0.3368,0.2,nc,nc75098791,2024-12-07T20:22:14.779Z,"42 km WNW of Petrolia, CA",earthquake,2.19,2.95000005,0.154,5,automatic,nc,nc
2024-12-07T14:41:00.570Z,40.3041648864746,-124.484169006348,16.8099994659424,1.94,md,10,277,0.1094,0.05,nc,nc75098786,2024-12-07T14:52:15.534Z,"17 km W of Petrolia, CA",earthquake,2.56,1.08000004,0.11,9,automatic,nc,nc
2024-12-07T14:04:40.280Z,40.3661651611328,-124.921501159668,12.1999998092651,2.83,md,22,267,0.4493,0.24,nc,nc75098781,2024-12-07T20:07:18.682Z,"54 km WNW of Petrolia, CA",earthquake,4.68,3.95000005,0.06,13,automatic,nc,nc
2024-12-07T13:34:34.080Z,40.3735008239746,-125.053001403809,11.710000038147,2.89,md,30,267,0.5497,0.22,nc,nc75098766,2024-12-07T19:52:16.583Z,"65 km WNW of Petrolia, CA",earthquake,4.65,4.82000017,0.06,10,automatic,nc,nc
2024-12-07T13:19:14.220Z,40.2911682128906,-124.669166564941,14.3100004196167,2.45,md,9,312,0.2498,0.19,nc,nc75098761,2024-12-07T13:27:15.966Z,"33 km W of Petrolia, CA",earthquake,10.01,1.45000005,0.05,7,automatic,nc,nc
2024-12-07T13:17:21.360Z,40.2929992675781,-124.519500732422,6.69000005722046,2.56,md,22,270,0.1354,0.16,nc,nc75098756,2024-12-07T13:27:14.965Z,"20 km W of Petrolia, CA",earthquake,1.96,0.980000019,0.09,16,automatic,nc,nc
2024-12-07T12:31:17.760Z,40.3624992370605,-124.714996337891,19.9599990844727,2.72,md,45,236,0.2942,0.19,nc,nc75098731,2024-12-07T19:37:15.476Z,"37 km WNW of Petrolia, CA",earthquake,1.59,0.579999983,0.09,20,automatic,nc,nc
2024-12-07T12:26:12.290Z,40.3105010986328,-124.498832702637,9.97000026702881,2.13,md,12,267,0.1215,0.08,nc,nc75098726,2024-12-07T12:32:17.593Z,"18 km W of Petrolia, CA",earthquake,2.47,0.720000029,0.11,10,automatic,nc,nc
2024-12-07T11:52:28.320Z,40.4198341369629,-125.139663696289,4.48000001907349,2.82,md,18,312,0.6147,0.25,nc,nc75098711,2024-12-07T19:22:14.379Z,"73 km WNW of Petrolia, CA",earthquake,11.57,10.8299999,0.07,8,automatic,nc,nc
2024-12-07T11:34:07.100Z,40.3354988098145,-125.088836669922,7.94999980926514,2.78,md,15,289,0.5726,0.16,nc,nc75098691,2024-12-07T19:07:18.281Z,"68 km WNW of Petrolia, CA",earthquake,5.41,4.88999987,0.12,12,automatic,nc,nc
2024-12-07T11:27:40.180Z,40.3048324584961,-124.476165771484,9.86999988555908,2.55,md,20,261,0.1035,0.08,nc,nc75098681,2024-12-07T11:37:16.210Z,"16 km W of Petrolia, CA",earthquake,1.21,0.519999981,0.08,17,automatic,nc,nc
2024-12-07T11:18:26.900Z,40.3183326721191,-124.514167785645,8.5,1.91,md,13,303,0.1346,0.05,nc,nc75098676,2024-12-07T11:32:18.168Z,"19 km W of Petrolia, CA",earthquake,2.16,0.589999974,0.11,7,automatic,nc,nc
2024-12-07T11:08:52.250Z,40.3633346557617,-124.778663635254,7.90000009536743,2.82,md,29,254,0.3417,0.47,nc,nc75098671,2024-12-07T18:52:17.178Z,"42 km WNW of Petrolia, CA",earthquake,9.58,7.23999977,0.11,18,automatic,nc,nc
2024-12-07T11:00:50.480Z,40.2750015258789,-124.481498718262,20.5200004577637,1.92,md,9,295,0.1071,0.04,nc,nc75098666,2024-12-07T11:12:17.012Z,"18 km W of Petrolia, CA",earthquake,3.74,0.970000029,0.07,8,automatic,nc,nc
2024-12-07T10:31:54.680Z,40.3964996337891,-124.785163879395,20.6200008392334,2.33,md,32,265,0.3507,0.17,nc,nc75098656,2024-12-07T10:47:20.843Z,"43 km WNW of Petrolia, CA",earthquake,2.49,0.74000001,0.07,13,automatic,nc,nc
2024-12-07T10:30:57.050Z,40.3061676025391,-124.409332275391,7.75,2.25,md,18,254,0.05403,0.09,nc,nc75098651,2024-12-07T10:47:19.843Z,"11 km W of Petrolia, CA",earthquake,1.22,0.50999999,0.07,13,automatic,nc,nc
2024-12-07T09:43:22.970Z,40.3484992980957,-124.941497802734,0.389999985694885,3.78,mw,58,248,0.4618,0.25,nc,nc75098631,2024-12-07T18:37:15.069Z,"56 km WNW of Petrolia, CA",earthquake,2.06,4.01999998,,5,reviewed,nc,nc
2024-12-07T09:37:51.160Z,40.3491668701172,-125.127670288086,1.61000001430511,2.78,md,36,267,0.6033,0.28,nc,nc75098626,2024-12-07T18:22:17.978Z,"71 km WNW of Petrolia, CA",earthquake,5,8.40999985,0.05,14,automatic,nc,nc
2024-12-07T08:56:33.570Z,40.3293342590332,-124.994667053223,23.1499996185303,2.72,md,11,294,0.5003,0.44,nc,nc75098606,2024-12-07T18:07:17.874Z,"60 km WNW of Petrolia, CA",earthquake,13.58,36.7900009,0.08,6,automatic,nc,nc
2024-12-07T08:08:27.890Z,40.3101654052734,-124.56233215332,19.75,2.69,md,17,280,0.1695,0.1,nc,nc75098581,2024-12-07T17:37:14.668Z,"24 km W of Petrolia, CA",earthquake,2.13,0.540000021,0.15,14,automatic,nc,nc
2024-12-07T07:43:27.980Z,40.3593330383301,-124.24983215332,30.1599998474121,1.72,md,16,171,0.04568,0.08,nc,nc75098566,2024-12-07T07:57:15.638Z,"5 km NE of Petrolia, CA",earthquake,1.07,1.54999995,0.16,7,automatic,nc,nc
2024-12-07T06:41:30.090Z,40.3173332214355,-124.46883392334,9.10999965667725,2.04,md,14,262,0.1008,0.1,nc,nc75098531,2024-12-07T06:47:19.131Z,"16 km W of Petrolia, CA",earthquake,1.86,0.680000007,0.1,10,automatic,nc,nc
2024-12-07T06:33:06.700Z,40.3068351745605,-124.473335266113,8.57999992370605,2.62,md,23,261,0.1017,0.08,nc,nc75098526,2024-12-08T05:35:02.040Z,"16 km W of Petrolia, CA",earthquake,1.08,0.400000006,0.13,23,automatic,nc,nc
2024-12-07T06:12:23.920Z,40.3704986572266,-125.151496887207,1.53999996185303,2.74,md,16,316,0.6238,0.33,nc,nc75098501,2024-12-07T16:52:16.363Z,"74 km WNW of Petrolia, CA",earthquake,13.1,18.7700005,0.06,9,automatic,nc,nc
2024-12-07T06:02:08.950Z,40.3091659545898,-124.448501586914,7.07000017166138,2.03,md,14,266,0.08361,0.11,nc,nc75098486,2024-12-07T06:12:16.012Z,"14 km W of Petrolia, CA",earthquake,1.98,0.850000024,0.09,10,automatic,nc,nc
2024-12-07T05:44:29.400Z,40.3139991760254,-124.519332885742,12.2200002670288,2.3,md,13,303,0.1376,0.14,nc,nc75098476,2024-12-07T05:52:15.752Z,"20 km W of Petrolia, CA",earthquake,3.68,0.839999974,0.07,10,automatic,nc,nc
2024-12-07T05:40:18.410Z,40.306999206543,-124.615669250488,18.1299991607666,2.6,md,28,245,0.2097,0.11,nc,nc75098471,2024-12-07T16:07:16.044Z,"28 km W of Petrolia, CA",earthquake,1.86,0.49000001,0.09,16,automatic,nc,nc
2024-12-07T05:07:54.950Z,40.2916679382324,-124.875999450684,3.80999994277954,2.6,md,14,309,0.408,0.15,nc,nc75098461,2024-12-07T15:37:13.843Z,"50 km W of Petrolia, CA",earthquake,7.78,7.26000023,0.03,8,automatic,nc,nc
2024-12-07T04:58:46.150Z,40.3653335571289,-124.869667053223,-0.509999990463257,2.83,md,20,277,0.4183,0.31,nc,nc75098446,2024-12-07T15:22:16.742Z,"50 km WNW of Petrolia, CA",earthquake,5.42,10.8699999,0.1,12,automatic,nc,nc
2024-12-07T04:41:31.920Z,40.3103332519531,-124.525497436523,7.96000003814697,1.7,md,12,304,0.1416,0.15,nc,nc75098436,2024-12-07T05:07:16.508Z,"20 km W of Petrolia, CA",earthquake,4.75,1.38,0.03,4,automatic,nc,nc
2024-12-07T04:22:05.410Z,40.3136672973633,-125.053001403809,0.740000009536743,2.74,md,10,318,0.5439,0.21,nc,nc75098416,2024-12-07T04:27:16.289Z,"65 km W of Petrolia, CA",earthquake,6.61,9.06999969,0.08,10,automatic,nc,nc
2024-12-07T03:58:09.910Z,40.2966651916504,-124.625335693359,15.8000001907349,2.23,md,12,287,0.2164,0.07,nc,nc75098396,2024-12-07T04:07:16.189Z,"29 km W of Petrolia, CA",earthquake,2.68,1.17999995,0.07,6,automatic,nc,nc
2024-12-07T03:34:11.120Z,40.2210006713867,-124.508499145508,14.0799999237061,2.41,md,9,307,0.1437,0.16,nc,nc75098386,2024-12-07T03:47:15.887Z,"22 km WSW of Petrolia, CA",earthquake,9.89,2.44000006,0.17,7,automatic,nc,nc
2024-12-07T03:20:57.860Z,40.3004989624023,-124.454330444336,9.64999961853027,2.11,md,19,257,0.08631,0.09,nc,nc75098376,2024-12-07T03:32:14.887Z,"15 km W of Petrolia, CA",earthquake,1.44,0.529999971,0.06,13,automatic,nc,nc
2024-12-07T02:49:50.770Z,40.2906684875488,-124.456497192383,17.4099998474121,1.9,md,10,294,0.08716,0.05,nc,nc75098346,2024-12-07T03:07:15.611Z,"15 km W of Petrolia, CA",earthquake,2.95,1.49000001,0.1,8,automatic,nc,nc
2024-12-07T02:44:05.440Z,40.2968330383301,-124.768501281738,5.30999994277954,2.23,md,6,317,0.3259,0.12,nc,nc75098341,2024-12-07T02:52:18.500Z,"41 km W of Petrolia, CA",earthquake,8.17,6.8499999,0.15,7,automatic,nc,nc
2024-12-07T02:34:01.730Z,40.0494995117188,-123.902168273926,20.2800006866455,2.4,md,35,127,0.04848,0.17,nc,nc75098336,2024-12-07T02:42:16.426Z,"10 km SW of Redway, CA",earthquake,0.57,0.340000004,0.1,27,automatic,nc,nc
2024-12-07T02:20:21.180Z,40.303165435791,-124.689666748047,6.57999992370605,2.77,md,20,294,0.2659,0.37,nc,nc75098331,2024-12-07T14:17:17.303Z,"34 km W of Petrolia, CA",earthquake,6.64,4.80999994,0.17,13,automatic,nc,nc
2024-12-07T01:12:22.630Z,40.4099998474121,-123.790832519531,5.78000020980835,2.28,md,5,271,0.1765,0.15,nc,nc75098276,2024-12-07T01:27:16.878Z,"28 km ESE of Rio Dell, CA",earthquake,6.05,13.0600004,0.05,4,automatic,nc,nc
2024-12-07T01:09:58.350Z,40.501335144043,-124.827331542969,-0.119999997317791,2.95,ml,26,283,0.3745,0.21,nc,nc75098266,2024-12-07T14:07:15.238Z,"48 km W of Ferndale, CA",earthquake,3.99,5.23000002,0.184,5,automatic,nc,nc
2024-12-07T01:02:10.020Z,40.2511672973633,-125.071334838867,1.67999994754791,2.2,md,5,336,0.5588,0.02,nc,nc75098251,2024-12-07T01:22:17.850Z,"67 km W of Petrolia, CA",earthquake,5.23,6.34000015,0.08,2,automatic,nc,nc
2024-12-07T01:00:56.940Z,40.4300003051758,-124.703498840332,8.8100004196167,3.25,ml,29,265,0.283,0.67,nc,nc75098246,2024-12-07T13:47:19.095Z,"37 km WNW of Petrolia, CA",earthquake,9.76,6.53000021,1.461,4,automatic,nc,nc
2024-12-07T00:57:40.860Z,40.3183326721191,-124.582664489746,11.8999996185303,2.82,md,15,282,0.186,0.2,nc,nc75098236,2024-12-07T13:32:17.995Z,"25 km W of Petrolia, CA",earthquake,3.75,1.11000001,0.04,12,automatic,nc,nc
2024-12-07T00:53:38.590Z,40.3536682128906,-124.745498657227,3.44000005722046,1.75,md,6,344,0.3149,0.08,nc,nc75098231,2024-12-07T01:22:15.849Z,"39 km WNW of Petrolia, CA",earthquake,5.99,5.32000017,0.07,2,automatic,nc,nc
2024-12-07T00:37:22.860Z,40.3745002746582,-124.783332824707,8.07999992370605,2.43,md,10,275,0.4853,0.12,nc,nc75098206,2024-12-07T00:47:18.631Z,"43 km WNW of Petrolia, CA",earthquake,7.82,5.92000008,0.08,3,automatic,nc,nc
2024-12-07T00:31:17.130Z,40.4196662902832,-125.021835327148,0,3.47,ml,60,247,0.5252,0.48,nc,nc75098201,2024-12-07T13:17:16.903Z,"63 km WNW of Petrolia, CA",earthquake,4.98,9.27000046,0.216,11,automatic,nc,nc
2024-12-06T23:32:29.050Z,40.34716796875,-124.571166992188,22.5599994659424,2.21,md,10,294,0.1844,0.08,nc,nc75098166,2024-12-06T23:52:18.280Z,"24 km WNW of Petrolia, CA",earthquake,4.11,0.629999995,0.11,9,automatic,nc,nc
2024-12-06T23:23:05.140Z,40.1063346862793,-124.384162902832,0.370000004768372,1.78,md,5,307,0.1789,0.03,nc,nc75098156,2024-12-06T23:47:18.239Z,"26 km SSW of Petrolia, CA",earthquake,3.8,7.51999998,0.11,2,automatic,nc,nc
2024-12-06T23:21:12.170Z,40.3058319091797,-124.476669311523,9.32999992370605,2.6,md,21,263,0.104,0.08,nc,nc75098141,2024-12-07T12:47:18.700Z,"16 km W of Petrolia, CA",earthquake,1.26,0.449999988,0.09,16,automatic,nc,nc
2024-12-06T23:02:36.190Z,40.4031677246094,-124.848831176758,1.89999997615814,3.62,mw,74,243,0.3969,0.26,nc,nc75098131,2024-12-07T12:07:15.417Z,"49 km WNW of Petrolia, CA",earthquake,1.73,2.74000001,,5,reviewed,nc,nc
2024-12-06T22:56:16.540Z,40.3856658935547,-124.820503234863,1.8400000333786,2.3,md,14,304,0.3813,0.13,nc,nc75098126,2024-12-06T23:07:18.986Z,"46 km WNW of Petrolia, CA",earthquake,6.84,7.48999977,0.06,7,automatic,nc,nc
2024-12-06T22:47:33.840Z,40.3026657104492,-124.476997375488,7.05000019073486,2.16,md,13,271,0.1038,0.12,nc,nc75098111,2024-12-06T22:57:16.918Z,"16 km W of Petrolia, CA",earthquake,2.64,0.970000029,0.1,9,automatic,nc,nc
2024-12-06T22:20:55.130Z,40.3166656494141,-124.443000793457,8.76000022888184,2.2,md,12,264,0.0818,0.08,nc,nc75098101,2024-12-06T22:37:16.889Z,"13 km W of Petrolia, CA",earthquake,1.7,0.720000029,0.07,10,automatic,nc,nc
2024-12-06T22:08:03.570Z,40.3004989624023,-124.495666503906,7.80999994277954,3.04,ml,28,266,0.1177,0.12,nc,nc75098086,2024-12-07T11:32:17.168Z,"18 km W of Petrolia, CA",earthquake,1.34,0.50999999,0.169,8,automatic,nc,nc
2024-12-06T21:53:55.900Z,40.252498626709,-124.571830749512,17.6000003814697,2.44,md,9,307,0.2204,0.11,nc,nc75098071,2024-12-06T22:12:17.662Z,"26 km W of Petrolia, CA",earthquake,5.69,1.80999994,0.11,4,automatic,nc,nc
2024-12-06T21:53:38.880Z,40.0986671447754,-123.966835021973,19.6800003051758,1.32,md,9,147,0.03866,0.04,nc,nc75098066,2024-12-06T22:12:17.593Z,"12 km ENE of Shelter Cove, CA",earthquake,1.07,0.720000029,0.11,6,automatic,nc,nc
2024-12-06T21:49:21.930Z,40.2998352050781,-124.484832763672,8.60999965667725,3.66,mw,31,263,0.1094,0.12,nc,nc75098061,2024-12-07T11:17:16.056Z,"17 km W of Petrolia, CA",earthquake,1.28,0.439999998,,5,reviewed,nc,nc
2024-12-06T21:48:11.360Z,40.288501739502,-124.585166931152,9.61999988555908,2.11,md,4,321,0.3295,0.02,nc,nc75098056,2024-12-06T21:57:16.584Z,"26 km W of Petrolia, CA",earthquake,6.92,2.19000006,,1,automatic,nc,nc
2024-12-06T21:31:19.960Z,40.253833770752,-124.533164978027,17.4300003051758,2.68,md,11,292,0.1946,0.09,nc,nc75098051,2024-12-07T10:47:18.844Z,"22 km W of Petrolia, CA",earthquake,2.85,0.920000017,0.07,10,automatic,nc,nc
2024-12-06T21:28:03.570Z,40.3101654052734,-124.486000061035,7.34000015258789,2.02,md,13,265,0.1118,0.13,nc,nc75098046,2024-12-06T21:37:15.344Z,"17 km W of Petrolia, CA",earthquake,2.21,0.879999995,0.12,6,automatic,nc,nc
2024-12-06T21:19:43.560Z,40.2566680908203,-125.05249786377,-0.400000005960464,2.55,md,11,295,0.5684,0.36,nc,nc75098041,2024-12-06T21:27:18.276Z,"66 km W of Petrolia, CA",earthquake,10.85,17.2700005,0.1,6,automatic,nc,nc
2024-12-06T20:52:11.960Z,40.2203330993652,-124.827667236328,0.75,2.78,md,12,311,0.412,0.13,nc,nc75098021,2024-12-07T10:17:15.645Z,"47 km W of Petrolia, CA",earthquake,6.5,9.60999966,0.11,9,automatic,nc,nc
2024-12-06T20:15:51.320Z,40.2918319702148,-124.559997558594,4,3.28,ml,39,261,0.1663,0.22,nc,nc75098001,2024-12-07T18:51:06.040Z,"24 km W of Petrolia, CA",earthquake,2.14,1.66999996,0.225,11,automatic,nc,nc
2024-12-06T20:09:03.960Z,40.3103332519531,-124.502334594727,13.210000038147,1.87,md,6,301,0.2614,0.01,nc,nc75097996,2024-12-06T20:22:17.820Z,"18 km W of Petrolia, CA",earthquake,3.99,1.59000003,0.22,3,automatic,nc,nc
2024-12-06T20:05:18.470Z,40.3103332519531,-124.485664367676,9.89000034332275,3.71,mw,28,264,0.1116,0.09,nc,nc75097991,2024-12-07T20:08:35.663Z,"17 km W of Petrolia, CA",earthquake,1.07,0.379999995,,8,reviewed,nc,nc
2024-12-06T20:01:06.780Z,40.2888333333333,-124.510833333333,7.27,4.04,mw,51,248,0.1287,0.21,nc,nc75097986,2024-12-08T22:07:16.585Z,"20 km W of Petrolia, CA",earthquake,0.7,0.5,,19,reviewed,nc,nc
2024-12-06T19:56:54.280Z,40.3001670837402,-124.505996704102,8.22999954223633,2.72,md,26,266,0.1255,0.14,nc,nc75097981,2024-12-07T09:17:20.215Z,"19 km W of Petrolia, CA",earthquake,1.5,0.50999999,0.08,24,automatic,nc,nc
2024-12-06T18:58:58.530Z,40.4676666259766,-124.136001586914,-0.509999990463257,2.91,md,8,99,0.05174,0.29,nc,nc75097941,2024-12-07T17:28:07.040Z,"4 km SW of Rio Dell, CA",earthquake,0.88,10.5,0.07,10,automatic,nc,nc
2024-12-06T18:48:49.280Z,40.1956672668457,-124.455001831055,16.8299999237061,2.31,md,6,323,0.2142,0.1,nc,nc75097931,2024-12-06T18:57:19.231Z,"20 km WSW of Petrolia, CA",earthquake,5.64,1.75999999,0.02,2,automatic,nc,nc
2024-12-06T18:41:12.890Z,40.2929992675781,-124.331665039062,13.0200004577637,2.98,md,10,293,0.04636,0.09,nc,nc75097916,2024-12-07T16:35:01.040Z,"5 km WSW of Petrolia, CA",earthquake,2.04,0.600000024,0.06,8,automatic,nc,nc
2024-12-06T18:40:31.220Z,40.1226654052734,-124.785331726074,0.519999980926514,2.04,md,4,348,0.4717,0.13,nc,nc75097911,2024-12-06T18:47:16.163Z,"48 km WSW of Petrolia, CA",earthquake,8.02,10.79,0.21,3,automatic,nc,nc
2024-12-06T18:36:57.480Z,40.34033203125,-124.870162963867,23.1000003814697,2.85,md,15,278,0.4193,0.28,nc,nc75097906,2024-12-07T08:32:16.879Z,"50 km WNW of Petrolia, CA",earthquake,5.45,22.1900005,0.1,9,automatic,nc,nc
2024-12-06T18:28:38.810Z,40.2716674804688,-124.710830688477,10.1000003814697,2.55,md,12,295,0.3108,0.13,nc,nc75097896,2024-12-06T20:11:11.040Z,"37 km W of Petrolia, CA",earthquake,2.7,2.6500001,0.08,9,automatic,nc,nc
2024-12-06T17:11:46.950Z,40.2886657714844,-124.69100189209,-0.519999980926514,2.67,md,15,293,0.2915,0.38,nc,nc75097861,2024-12-07T08:17:15.777Z,"35 km W of Petrolia, CA",earthquake,9,16.2299995,0.04,12,automatic,nc,nc
2024-12-06T17:07:43.150Z,40.3013343811035,-124.498832702637,8.71000003814697,3.08,ml,28,264,0.1202,0.15,nc,nc75097856,2024-12-07T08:07:17.725Z,"18 km W of Petrolia, CA",earthquake,1.56,0.550000012,0.153,7,automatic,nc,nc
2024-12-06T16:38:15.387Z,40.4375,-125.1394,10,2.5,ml,13,258,0.778,0.22,us,us7000nwmf,2024-12-07T14:45:08.040Z,"75 km WSW of Ferndale, California",earthquake,6.16,2.013,0.053,46,reviewed,us,us
2024-12-06T16:13:28.320Z,40.3055000305176,-124.513832092285,17.8199996948242,2.34,md,14,300,0.1321,0.07,nc,nc75097806,2024-12-06T16:22:16.140Z,"20 km W of Petrolia, CA",earthquake,2.51,0.620000005,0.11,10,automatic,nc,nc
2024-12-06T16:07:27.250Z,40.3660011291504,-125.047164916992,0.280000001192093,2.88,md,51,265,0.5442,0.31,nc,nc75097801,2024-12-07T14:41:42.040Z,"65 km WNW of Petrolia, CA",earthquake,2.94,7.21999979,0.06,16,automatic,nc,nc
2024-12-06T15:54:51.450Z,40.4565010070801,-124.764335632324,-0.239999994635582,2.37,md,13,289,0.3905,0.2,nc,nc75097786,2024-12-06T16:07:17.034Z,"43 km WNW of Petrolia, CA",earthquake,4.99,7.88999987,0.1,7,automatic,nc,nc
2024-12-06T15:50:23.470Z,40.341667175293,-124.951332092285,-0.0799999982118607,3.9,mw,84,234,0.4685,0.34,nc,nc75097781,2024-12-07T15:53:54.824Z,"57 km WNW of Petrolia, CA",earthquake,1.68,4.32999992,,5,reviewed,nc,nc
2024-12-06T15:44:31.000Z,40.5178337097168,-123.834999084473,22.4799995422363,2.37,md,24,86,0.2034,0.09,nc,nc75097776,2024-12-06T15:52:17.921Z,"22 km ESE of Hydesville, CA",earthquake,0.38,0.709999979,0.12,20,automatic,nc,nc
2024-12-06T15:43:23.930Z,40.3040008544922,-124.476501464844,9.81999969482422,2.58,md,21,262,0.1036,0.08,nc,nc75097766,2024-12-06T15:52:16.922Z,"16 km W of Petrolia, CA",earthquake,1.29,0.49000001,0.08,24,automatic,nc,nc
2024-12-06T15:42:40.590Z,40.2528343200684,-124.574668884277,-0.300000011920929,2.75,md,17,276,0.1811,0.47,nc,nc75097761,2024-12-07T07:07:17.380Z,"26 km W of Petrolia, CA",earthquake,14.27,23.0100002,0.08,13,automatic,nc,nc
2024-12-06T15:39:19.890Z,40.3553352355957,-124.560668945312,11.2700004577637,2,md,7,317,0.3169,0.1,nc,nc75097756,2024-12-06T15:52:15.921Z,"24 km WNW of Petrolia, CA",earthquake,9.24,2.18000007,0.07,5,automatic,nc,nc
2024-12-06T15:15:44.720Z,40.4271659851074,-125.186332702637,2.82999992370605,2.71,md,15,304,0.6496,0.38,nc,nc75097731,2024-12-07T06:47:17.130Z,"77 km WNW of Petrolia, CA",earthquake,18.51,16.8400002,0.08,5,automatic,nc,nc
2024-12-06T14:58:22.340Z,40.308,-124.7335,3.71,4.22,mw,108,230,0.2996,0.25,nc,nc75097711,2024-12-07T15:02:49.438Z,"38 km W of Petrolia, CA",earthquake,0.7,0.87,,8,reviewed,nc,nc
2024-12-06T14:52:27.260Z,40.3655014038086,-124.603500366211,17.3199996948242,2.21,md,8,320,0.2478,0.07,nc,nc75097706,2024-12-06T15:07:15.596Z,"27 km WNW of Petrolia, CA",earthquake,5.32,0.959999979,0.06,5,automatic,nc,nc
2024-12-06T14:51:25.450Z,40.389331817627,-124.721496582031,0.150000005960464,3.05,md,36,258,0.3055,0.69,nc,nc75097701,2024-12-07T06:17:19.032Z,"38 km WNW of Petrolia, CA",earthquake,9.1,15.7799997,0.1,26,automatic,nc,nc
2024-12-06T14:36:13.410Z,40.3400001525879,-124.914497375488,-0.0599999986588955,3.97,mw,101,241,0.4403,0.28,nc,nc75097691,2024-12-08T19:42:59.114Z,"53 km WNW of Petrolia, CA",earthquake,1.24,3.23000002,,5,reviewed,nc,nc
2024-12-06T14:17:59.270Z,40.3548316955566,-125.145500183105,1.21000003814697,2.56,md,19,289,0.6174,0.26,nc,nc75097676,2024-12-06T14:27:15.331Z,"73 km WNW of Petrolia, CA",earthquake,10.11,14.29,0.11,8,automatic,nc,nc
2024-12-06T14:01:36.430Z,40.3756675720215,-124.997833251953,8.81999969482422,2.95,ml,53,251,0.5084,0.31,nc,nc75097661,2024-12-07T05:42:13.678Z,"61 km WNW of Petrolia, CA",earthquake,3,3.11999989,0.172,4,automatic,nc,nc
2024-12-06T13:43:38.660Z,40.3573341369629,-124.945831298828,0.990000009536743,2.41,md,15,290,0.4663,0.18,nc,nc75097651,2024-12-06T13:52:18.083Z,"56 km WNW of Petrolia, CA",earthquake,6.37,10.6499996,0.11,7,automatic,nc,nc
2024-12-06T13:40:51.160Z,40.3891677856445,-125.167503356934,0.0900000035762787,2.34,md,14,285,0.6394,0.21,nc,nc75097646,2024-12-06T13:47:18.047Z,"75 km WNW of Petrolia, CA",earthquake,5.85,13.9099998,0.05,2,automatic,nc,nc
2024-12-06T13:28:45.520Z,40.3793334960938,-124.984169006348,3.32999992370605,2.48,md,27,284,0.4988,0.24,nc,nc75097636,2024-12-06T13:37:19.982Z,"60 km WNW of Petrolia, CA",earthquake,5.93,6.38999987,0.05,8,automatic,nc,nc
2024-12-06T13:24:26.220Z,40.2433319091797,-124.789001464844,-0.5,2.4,md,11,300,0.3445,0.09,nc,nc75097631,2024-12-06T13:37:18.069Z,"44 km W of Petrolia, CA",earthquake,4.81,8.14999962,0.11,11,automatic,nc,nc
2024-12-06T13:18:27.270Z,40.2998352050781,-124.492500305176,7.71999979019165,2.35,md,21,265,0.1152,0.13,nc,nc75097621,2024-12-06T13:37:17.980Z,"18 km W of Petrolia, CA",earthquake,1.57,0.610000014,0.09,14,automatic,nc,nc
2024-12-06T13:07:39.860Z,40.3491668701172,-124.981163024902,2.35999989509583,3.71,mw,122,234,0.492,0.24,nc,nc75097611,2024-12-07T14:36:52.496Z,"59 km WNW of Petrolia, CA",earthquake,0.91,2.17000008,,4,reviewed,nc,nc
2024-12-06T13:01:52.660Z,40.3283348083496,-124.818336486816,8.76000022888184,3.37,ml,34,251,0.366,0.24,nc,nc75097606,2024-12-07T14:24:45.040Z,"45 km WNW of Petrolia, CA",earthquake,3.21,2.81999993,0.385,5,automatic,nc,nc
2024-12-06T12:16:08.660Z,40.3120002746582,-124.394996643066,8.25,1.73,md,8,281,0.04648,0.06,nc,nc75097586,2024-12-06T12:27:18.509Z,"9 km W of Petrolia, CA",earthquake,2.02,0.829999983,0.06,5,automatic,nc,nc
2024-12-06T12:14:18.190Z,40.4048347473145,-124.994834899902,19.0200004577637,2.92,md,28,277,0.5067,0.24,nc,nc75097581,2024-12-07T04:57:14.357Z,"61 km WNW of Petrolia, CA",earthquake,5.16,15.2799997,0.12,11,automatic,nc,nc
2024-12-06T12:05:12.060Z,40.351001739502,-124.785163879395,0.119999997317791,3.02,md,33,255,0.3441,0.24,nc,nc75097571,2024-12-07T04:42:17.251Z,"42 km WNW of Petrolia, CA",earthquake,3.07,5.26999998,0.11,25,automatic,nc,nc
2024-12-06T12:03:47.970Z,40.3581657409668,-124.886001586914,10.6400003433228,2.8,md,57,240,0.4213,0.25,nc,nc75097566,2024-12-07T04:27:17.166Z,"51 km WNW of Petrolia, CA",earthquake,2.18,2.19000006,0.13,26,automatic,nc,nc
2024-12-06T12:01:01.550Z,40.3151664733887,-125.049499511719,-0.150000005960464,2.43,md,15,298,0.5413,0.28,nc,nc75097561,2024-12-06T12:07:27.484Z,"65 km W of Petrolia, CA",earthquake,6.69,11.7299995,0.04,3,automatic,nc,nc
2024-12-06T11:56:08.260Z,40.3856658935547,-124.972999572754,0.469999998807907,3.82,mw,104,244,0.4916,0.21,nc,nc75097556,2024-12-10T11:11:06.582Z,"59 km WNW of Petrolia, CA",earthquake,1.06,2.54999995,,5,reviewed,nc,nc
2024-12-06T11:47:55.640Z,40.3388328552246,-124.496002197266,13.4300003051758,2.02,md,10,271,0.1277,0.04,nc,nc75097551,2024-12-06T12:07:20.393Z,"18 km WNW of Petrolia, CA",earthquake,2.26,0.75,0.01,7,automatic,nc,nc
2024-12-06T11:41:38.330Z,40.4266662597656,-124.841003417969,34.2299995422363,2.92,md,13,287,0.3873,0.29,nc,nc75097546,2024-12-07T03:57:13.944Z,"48 km WNW of Petrolia, CA",earthquake,11.53,4.48000002,0.02,7,automatic,nc,nc
2024-12-06T11:15:36.360Z,40.2771682739258,-124.74633026123,16.9699993133545,2.25,md,5,326,0.3091,0.02,nc,nc75097526,2024-12-06T11:22:16.088Z,"39 km W of Petrolia, CA",earthquake,7.55,1.91999996,0.13,4,automatic,nc,nc
2024-12-06T11:05:14.040Z,40.3666648864746,-125.002502441406,14.2299995422363,2.81,md,20,271,0.5105,0.24,nc,nc75097521,2024-12-07T03:27:15.748Z,"61 km WNW of Petrolia, CA",earthquake,4.94,3.91000009,0.11,10,automatic,nc,nc
2024-12-06T10:53:58.300Z,40.3019981384277,-124.75,11.8800001144409,2.72,md,11,310,0.3326,0.09,nc,nc75097511,2024-12-07T03:12:14.648Z,"40 km W of Petrolia, CA",earthquake,5.43,3.06999993,0.12,10,automatic,nc,nc
2024-12-06T10:38:30.130Z,40.4075012207031,-124.715667724609,15.9899997711182,2.15,md,11,280,0.2965,0.08,nc,nc75097481,2024-12-06T10:47:16.846Z,"38 km WNW of Petrolia, CA",earthquake,2.82,1.33000004,0.09,6,automatic,nc,nc
2024-12-06T10:02:06.690Z,40.3221664428711,-124.96866607666,13.4300003051758,2.68,md,12,289,0.48,0.18,nc,nc75097466,2024-12-07T02:27:15.317Z,"58 km W of Petrolia, CA",earthquake,6.73,4.03999996,0.13,10,automatic,nc,nc
2024-12-06T10:01:02.230Z,40.3386650085449,-124.81583404541,0,3.02,md,30,256,0.3653,0.38,nc,nc75097461,2024-12-10T11:49:05.040Z,"45 km WNW of Petrolia, CA",earthquake,5.48,9.52000046,0.11,23,automatic,nc,nc
2024-12-06T09:57:30.850Z,40.3166656494141,-124.698829650879,3.76999998092651,2.12,md,9,314,0.2739,0.09,nc,nc75097456,2024-12-06T10:07:23.696Z,"35 km W of Petrolia, CA",earthquake,5.01,3.00999999,0.05,4,automatic,nc,nc
2024-12-06T09:53:03.140Z,40.2941665649414,-124.455833435059,16.4500007629395,2.81,md,24,257,0.08681,0.1,nc,nc75097446,2024-12-07T01:57:18.105Z,"15 km W of Petrolia, CA",earthquake,1.23,0.449999988,0.1,25,automatic,nc,nc
2024-12-06T09:39:15.790Z,40.348331451416,-124.967666625977,-0.0799999982118607,3.45,ml,40,269,0.4817,0.32,nc,nc75097441,2024-12-07T01:42:15.991Z,"58 km WNW of Petrolia, CA",earthquake,4.43,8.06999969,0.377,8,automatic,nc,nc
2024-12-06T09:38:47.760Z,40.3255004882812,-124.52799987793,18.7700004577637,2.38,md,8,276,0.1465,0.04,nc,nc75097436,2024-12-06T09:47:16.431Z,"21 km WNW of Petrolia, CA",earthquake,4.02,0.810000002,0.05,6,automatic,nc,nc
2024-12-06T09:31:18.270Z,40.2941665649414,-124.792663574219,3.96000003814697,2.37,md,5,304,0.3921,0.04,nc,nc75097431,2024-12-06T09:37:14.361Z,"43 km W of Petrolia, CA",earthquake,6.03,5.25,0.08,7,automatic,nc,nc
2024-12-06T09:05:19.040Z,40.2733345031738,-123.838165283203,28.7999992370605,2.86,md,38,35,0.03006,0.09,nc,nc75097416,2024-12-07T01:27:14.878Z,"17 km N of Redway, CA",earthquake,0.29,0.720000029,0.12,44,automatic,nc,nc
2024-12-06T09:04:16.440Z,40.3358345031738,-124.872329711914,8.18000030517578,2.84,md,20,292,0.4078,0.38,nc,nc75097411,2024-12-07T01:12:17.777Z,"50 km WNW of Petrolia, CA",earthquake,9.71,7.61000013,0.14,14,automatic,nc,nc
2024-12-06T08:38:46.950Z,40.3144989013672,-125.62166595459,4.86999988555908,2.84,md,9,292,0.9786,0.11,nc,nc75097396,2024-12-07T00:57:20.688Z,"113 km W of Petrolia, CA",earthquake,4.47,10.0299997,0.06,7,automatic,nc,nc
2024-12-06T08:33:46.160Z,40.3431663513184,-124.793334960938,0.280000001192093,3.05,ml,43,243,0.349,0.19,nc,nc75097391,2024-12-07T11:20:08.040Z,"43 km WNW of Petrolia, CA",earthquake,1.8,3.45000005,0.193,5,automatic,nc,nc
2024-12-06T08:28:25.800Z,40.2761650085449,-124.484336853027,15.1599998474121,2.19,md,7,305,0.1091,0.02,nc,nc75097386,2024-12-06T08:57:15.077Z,"18 km W of Petrolia, CA",earthquake,5.13,1.84000003,0.25,7,automatic,nc,nc
2024-12-06T08:06:02.800Z,40.2843322753906,-124.845336914062,6,2.39,md,4,315,0.4324,0.01,nc,nc75097356,2024-12-06T08:27:17.148Z,"48 km W of Petrolia, CA",earthquake,6.22,4.61999989,0.1,3,automatic,nc,nc
2024-12-06T08:02:34.130Z,40.3716659545898,-124.896499633789,18.0799999237061,2.8,md,31,260,0.4315,0.3,nc,nc75097346,2024-12-07T00:27:18.508Z,"52 km WNW of Petrolia, CA",earthquake,2.65,2.82999992,0.03,9,automatic,nc,nc
2024-12-06T08:01:00.980Z,40.4188346862793,-124.810501098633,-0.140000000596046,2.75,md,23,273,0.3654,0.4,nc,nc75097336,2024-12-07T11:44:45.040Z,"46 km WNW of Petrolia, CA",earthquake,4.97,9.23999977,0.12,13,automatic,nc,nc
2024-12-06T07:26:53.570Z,40.3393325805664,-124.991996765137,2.97000002861023,2.49,md,20,275,0.4992,0.23,nc,nc75097306,2024-12-06T07:37:15.570Z,"60 km WNW of Petrolia, CA",earthquake,6.05,8.02999973,0.04,6,automatic,nc,nc
2024-12-06T07:25:33.960Z,40.3548316955566,-124.717498779297,18.9099998474121,2.63,md,40,237,0.2942,0.25,nc,nc75097301,2024-12-06T23:57:16.316Z,"37 km WNW of Petrolia, CA",earthquake,2.06,0.959999979,0.15,16,automatic,nc,nc
2024-12-06T07:23:22.660Z,40.3084983825684,-124.513168334961,19.9899997711182,2.25,md,10,301,0.132,0.06,nc,nc75097291,2024-12-06T07:37:14.569Z,"19 km W of Petrolia, CA",earthquake,2.82,0.660000026,0.08,9,automatic,nc,nc
2024-12-06T07:13:39.130Z,40.341667175293,-124.744003295898,17.3400001525879,3.31,ml,57,233,0.3115,0.24,nc,nc75097281,2024-12-07T10:20:12.040Z,"39 km WNW of Petrolia, CA",earthquake,1.61,1.03999996,0.341,9,automatic,nc,nc
2024-12-06T07:06:03.040Z,40.2811660766602,-124.491500854492,21.6499996185303,2.66,md,25,264,0.1141,0.42,nc,nc75097276,2024-12-07T10:01:46.040Z,"18 km W of Petrolia, CA",earthquake,4.61,1.05999994,0.11,18,automatic,nc,nc
2024-12-06T07:01:51.070Z,40.3105,-124.706,5.98,4.15,mw,100,222,0.2788,0.26,nc,nc75097271,2024-12-07T07:06:32.765Z,"36 km W of Petrolia, CA",earthquake,0.83,0.71,,14,reviewed,nc,nc
2024-12-06T07:01:01.350Z,40.2621650695801,-124.447166442871,16.9300003051758,2.13,md,13,276,0.1382,0.13,nc,nc75097266,2024-12-06T07:07:22.185Z,"15 km WSW of Petrolia, CA",earthquake,1.95,0.920000017,0.13,5,automatic,nc,nc
2024-12-06T06:56:05.400Z,40.5006675720215,-125.12149810791,0.0900000035762787,2.6,md,21,307,0.6254,0.26,nc,nc75097261,2024-12-06T22:57:15.918Z,"73 km W of Ferndale, CA",earthquake,8.59,12.9099998,0.05,3,automatic,nc,nc
2024-12-06T06:16:11.040Z,40.1623333333333,-124.067666666667,21.67,0.88,md,13,125,0.05775,0.07,nc,nc75001798,2024-12-09T08:37:17.878Z,"15 km NNE of Shelter Cove, CA",earthquake,0.63,0.51,0.039,6,reviewed,nc,nc
2024-12-06T06:11:16.550Z,40.3953323364258,-124.674499511719,14.8699998855591,3.07,md,28,266,0.2694,0.36,nc,nc75097236,2024-12-08T06:42:16.040Z,"34 km WNW of Petrolia, CA",earthquake,5.74,2.63000011,0.07,23,automatic,nc,nc
2024-12-06T06:09:53.240Z,40.2836685180664,-124.446998596191,19.4099998474121,2.08,md,15,281,0.08001,0.09,nc,nc75097231,2024-12-06T06:27:16.512Z,"14 km W of Petrolia, CA",earthquake,1.89,0.579999983,0.07,8,automatic,nc,nc
2024-12-06T06:00:36.700Z,40.3813323974609,-125.035331726074,24.6299991607666,2.63,md,15,277,0.5451,0.22,nc,nc75097221,2024-12-06T22:27:18.798Z,"64 km WNW of Petrolia, CA",earthquake,7.76,18.1299992,0.05,5,automatic,nc,nc
2024-12-06T05:44:22.690Z,40.3493347167969,-125.087333679199,24.25,3.12,ml,32,269,0.5727,0.42,nc,nc75097206,2024-12-06T22:12:16.593Z,"68 km WNW of Petrolia, CA",earthquake,9.72,30.2700005,1.633,4,automatic,nc,nc
2024-12-06T05:36:24.420Z,40.2939987182617,-124.472503662109,19.3299999237061,1.71,md,7,304,0.1339,0.02,nc,nc75097201,2024-12-06T08:52:58.257Z,"16 km W of Petrolia, CA",earthquake,3.98,2.03999996,0.16,6,automatic,nc,nc
2024-12-06T05:20:42.050Z,40.3011665344238,-124.5,14.0299997329712,2.13,md,15,297,0.1211,0.17,nc,nc75097186,2024-12-06T08:55:21.546Z,"18 km W of Petrolia, CA",earthquake,3.22,0.959999979,0.07,11,automatic,nc,nc
2024-12-06T05:13:50.770Z,40.4548333333333,-124.549666666667,18.55,3.85,mw,58,235,0.1632,0.16,nc,nc75097181,2024-12-09T02:07:17.216Z,"27 km NW of Petrolia, CA",earthquake,0.62,0.25,,7,reviewed,nc,nc
2024-12-06T05:05:51.450Z,40.3123321533203,-124.418334960938,8.85000038146973,2.26,md,9,292,0.06265,0.08,nc,nc75097171,2024-12-06T05:27:17.477Z,"11 km W of Petrolia, CA",earthquake,2.72,0.889999986,0.25,4,automatic,nc,nc
2024-12-06T05:01:51.290Z,40.3813323974609,-124.919502258301,6.98999977111816,2.52,md,7,302,0.4567,0.09,nc,nc75097166,2024-12-06T05:27:15.549Z,"54 km WNW of Petrolia, CA",earthquake,7.22,7.46999979,0.08,8,automatic,nc,nc
2024-12-06T04:52:48.390Z,40.3451652526855,-124.982498168945,1.97000002861023,2.67,md,14,300,0.5049,0.34,nc,nc75097156,2024-12-06T21:12:16.172Z,"59 km WNW of Petrolia, CA",earthquake,12.69,16.8400002,0.09,10,automatic,nc,nc
2024-12-06T04:24:14.750Z,40.3628349304199,-125.033500671387,0.150000005960464,3.75,mw,41,266,0.5334,0.39,nc,nc75097131,2024-12-06T20:42:17.958Z,"64 km WNW of Petrolia, CA",earthquake,3.9,9.11999989,,6,reviewed,nc,nc
2024-12-06T04:08:53.540Z,40.3043327331543,-124.502998352051,18.5,2.61,md,19,268,0.1237,0.07,nc,nc75097111,2024-12-06T20:27:16.853Z,"19 km W of Petrolia, CA",earthquake,1.51,0.349999994,0.07,16,automatic,nc,nc
2024-12-06T03:59:44.740Z,40.3073348999023,-124.51000213623,14.289999961853,1.84,md,8,283,0.1732,0.08,nc,nc75097106,2024-12-06T04:17:18.086Z,"19 km W of Petrolia, CA",earthquake,3.62,2.68000007,0.18,6,automatic,nc,nc
2024-12-06T03:56:10.260Z,40.304500579834,-124.44416809082,9.92000007629395,1.88,md,13,254,0.07933,0.11,nc,nc75097096,2024-12-06T04:12:17.973Z,"14 km W of Petrolia, CA",earthquake,1.98,0.639999986,0.15,8,automatic,nc,nc
2024-12-06T03:47:39.900Z,40.2161674499512,-124.388496398926,13.1499996185303,2.41,md,4,328,0.1657,0.02,nc,nc75097091,2024-12-06T03:57:16.873Z,"15 km SW of Petrolia, CA",earthquake,7.03,1.34000003,0.07,3,automatic,nc,nc
2024-12-06T03:32:10.450Z,40.3681666666667,-124.9965,1.17,3.72,mw,105,238,0.5062,0.15,nc,nc75097086,2024-12-07T14:52:14.534Z,"60 km WNW of Petrolia, CA",earthquake,0.87,2.25,,3,reviewed,nc,nc
2024-12-06T03:22:13.730Z,40.2980003356934,-124.485000610352,11.5600004196167,2.63,md,10,311,0.1403,0.06,nc,nc75097061,2024-12-06T19:37:14.517Z,"17 km W of Petrolia, CA",earthquake,4.36,0.610000014,0.08,10,automatic,nc,nc
2024-12-06T03:21:15.170Z,40.2924995422363,-124.625999450684,15.75,2.18,md,15,286,0.2426,0.07,nc,nc75097056,2024-12-06T03:42:16.898Z,"29 km W of Petrolia, CA",earthquake,2.17,0.699999988,0.14,9,automatic,nc,nc
2024-12-06T03:14:33.990Z,40.3593333333333,-125.061333333333,-0.17,3.91,mw,78,245,0.554,0.28,nc,nc75097046,2024-12-07T14:37:17.442Z,"66 km WNW of Petrolia, CA",earthquake,1.72,4.92,,4,reviewed,nc,nc
2024-12-06T03:13:32.950Z,40.3704986572266,-124.915664672852,0.46000000834465,2.91,md,22,295,0.4535,0.36,nc,nc75097041,2024-12-06T19:07:17.301Z,"54 km WNW of Petrolia, CA",earthquake,7.03,12.1700001,0.1,11,automatic,nc,nc
2024-12-06T03:03:44.470Z,40.3154983520508,-124.41967010498,9.17000007629395,1.56,md,8,285,0.06485,0.09,nc,nc75097026,2024-12-06T03:22:19.622Z,"11 km W of Petrolia, CA",earthquake,2.34,0.810000002,0.08,5,automatic,nc,nc
2024-12-06T02:55:22.370Z,40.2975006103516,-124.686836242676,10.1099996566772,2.31,md,10,295,0.3207,0.09,nc,nc75097016,2024-12-06T03:07:15.535Z,"34 km W of Petrolia, CA",earthquake,3.56,2.3900001,0.2,9,automatic,nc,nc
2024-12-06T02:39:54.050Z,40.265998840332,-124.611831665039,4.3899998664856,2.83,md,11,283,0.2417,0.11,nc,nc75096996,2024-12-06T18:37:19.096Z,"28 km W of Petrolia, CA",earthquake,4.88,3.72000003,0.04,11,automatic,nc,nc
2024-12-06T02:32:18.280Z,40.3043327331543,-124.513832092285,5.76999998092651,2.45,md,14,270,0.1577,0.13,nc,nc75096991,2024-12-06T02:46:31.483Z,"20 km W of Petrolia, CA",earthquake,2.16,1.11000001,0.11,13,automatic,nc,nc
2024-12-06T02:27:11.820Z,40.2976684570312,-124.719665527344,9.71000003814697,2.48,md,13,298,0.2886,0.21,nc,nc75096986,2024-12-06T02:32:18.390Z,"37 km W of Petrolia, CA",earthquake,5.8,2.80999994,0.09,8,automatic,nc,nc
2024-12-06T02:18:44.290Z,40.343334197998,-124.914497375488,16.6299991607666,2.64,ml,30,281,0.4407,0.27,nc,nc75096971,2024-12-06T18:22:16.995Z,"53 km WNW of Petrolia, CA",earthquake,5.42,2.82999992,1.892,4,automatic,nc,nc
2024-12-06T02:17:58.350Z,40.3959999084473,-124.547836303711,14.6300001144409,2.32,md,9,297,0.1755,0.02,nc,nc75096976,2024-12-06T02:27:15.274Z,"24 km WNW of Petrolia, CA",earthquake,2.1,0.629999995,0.25,7,automatic,nc,nc
2024-12-06T02:08:10.840Z,40.3311653137207,-124.573501586914,10.6700000762939,2.12,md,6,336,0.1817,0.01,nc,nc75096961,2024-12-06T02:17:16.205Z,"24 km WNW of Petrolia, CA",earthquake,3.33,0.949999988,0.06,5,automatic,nc,nc
2024-12-06T02:00:42.030Z,40.2113342285156,-124.364166259766,15.0500001907349,2.25,md,5,317,0.07877,0.06,nc,nc75096956,2024-12-06T02:07:16.126Z,"14 km SW of Petrolia, CA",earthquake,8.01,1.96000004,0.02,5,automatic,nc,nc
2024-12-06T01:51:58.640Z,40.3228340148926,-124.589332580566,10.1999998092651,2.24,md,7,294,0.2455,0.03,nc,nc75096951,2024-12-06T02:07:15.188Z,"26 km W of Petrolia, CA",earthquake,5.24,2.47000003,0.13,3,automatic,nc,nc
2024-12-06T01:47:53.180Z,40.3568344116211,-124.512664794922,15.3400001525879,2.4,md,11,313,0.1456,0.07,nc,nc75096941,2024-12-06T01:57:16.052Z,"20 km WNW of Petrolia, CA",earthquake,4.88,0.730000019,0.12,8,automatic,nc,nc
2024-12-06T01:44:32.440Z,40.3706665039062,-125.048164367676,17.1700000762939,3.12,ml,52,249,0.5456,0.29,nc,nc75096931,2024-12-06T22:33:53.040Z,"65 km WNW of Petrolia, CA",earthquake,2.89,20.9599991,0.469,5,automatic,nc,nc
2024-12-06T01:32:58.870Z,40.2620010375977,-124.449836730957,19,2.27,md,8,291,0.0862,0.04,nc,nc75096916,2024-12-06T01:42:16.142Z,"16 km WSW of Petrolia, CA",earthquake,3.97,0.660000026,0.1,7,automatic,nc,nc
2024-12-06T01:25:21.600Z,40.3375015258789,-124.625999450684,9.73999977111816,2.94,md,28,277,0.2222,0.32,nc,nc75096906,2024-12-06T17:22:16.566Z,"29 km WNW of Petrolia, CA",earthquake,4.46,2.41000009,0.12,19,automatic,nc,nc
2024-12-06T01:20:58.610Z,40.372501373291,-124.6943359375,0.469999998807907,3.01,md,32,262,0.2817,0.7,nc,nc75096901,2024-12-06T17:07:16.458Z,"35 km WNW of Petrolia, CA",earthquake,10,16.6800003,0.06,22,automatic,nc,nc
2024-12-06T01:00:43.830Z,40.316333770752,-124.602333068848,20.1499996185303,2.66,md,25,279,0.2006,0.15,nc,nc75096876,2024-12-06T16:22:17.140Z,"27 km W of Petrolia, CA",earthquake,2.4,0.5,0.05,13,automatic,nc,nc
2024-12-06T00:53:58.020Z,40.2270011901855,-124.835670471191,1.28999996185303,2.21,md,10,315,0.3823,0.17,nc,nc75096866,2024-12-06T01:07:21.681Z,"48 km W of Petrolia, CA",earthquake,7.5,9.53999996,0.05,8,automatic,nc,nc
2024-12-06T00:46:29.610Z,40.3160018920898,-124.511833190918,13.8699998855591,2.33,md,15,278,0.1323,0.09,nc,nc75096856,2024-12-06T01:07:20.682Z,"19 km W of Petrolia, CA",earthquake,2.24,0.660000026,0.09,13,automatic,nc,nc
2024-12-06T00:44:03.310Z,40.2630004882812,-125.018333435059,5.59000015258789,2.41,md,6,323,0.5415,0.04,nc,nc75096851,2024-12-06T01:07:19.681Z,"63 km W of Petrolia, CA",earthquake,6.65,4.9000001,0.09,6,automatic,nc,nc
2024-12-06T00:41:08.580Z,40.2836685180664,-124.492332458496,12.5600004196167,1.87,md,11,264,0.1146,0.13,nc,nc75096846,2024-12-06T01:07:18.771Z,"18 km W of Petrolia, CA",earthquake,3.47,0.959999979,0.07,5,automatic,nc,nc
2024-12-06T00:32:51.970Z,40.3154983520508,-124.434501647949,8.21000003814697,1.69,md,9,262,0.07531,0.08,nc,nc75096836,2024-12-06T00:52:16.591Z,"13 km W of Petrolia, CA",earthquake,1.99,1.02999997,0.15,6,automatic,nc,nc
2024-12-06T00:25:39.660Z,40.2869987487793,-124.814002990723,13.8500003814697,2.57,md,8,316,0.3835,0.07,nc,nc75096821,2024-12-06T01:13:36.173Z,"45 km W of Petrolia, CA",earthquake,6.01,2.73000002,0.15,6,automatic,nc,nc
2024-12-06T00:24:00.010Z,40.2473335266113,-124.762496948242,1.11000001430511,2.45,md,11,314,0.3559,0.16,nc,nc75096811,2024-12-06T00:42:15.634Z,"41 km W of Petrolia, CA",earthquake,7.27,9.77000046,0.09,8,automatic,nc,nc
2024-12-06T00:19:50.050Z,40.3074989318848,-124.538497924805,15.4300003051758,2.4,md,12,275,0.151,0.08,nc,nc75096796,2024-12-06T01:05:23.682Z,"22 km W of Petrolia, CA",earthquake,3.06,0.779999971,0.1,11,automatic,nc,nc
2024-12-06T00:13:15.810Z,40.230167388916,-124.757667541504,9.40999984741211,2.8,md,14,289,0.3584,0.13,nc,nc75096791,2024-12-10T16:32:20.421Z,"41 km W of Petrolia, CA",earthquake,3.93,2.69000006,0.12,9,automatic,nc,nc
2024-12-06T00:10:23.000Z,40.2826652526855,-124.778999328613,-0.280000001192093,2.89,md,18,280,0.3339,0.3,nc,nc75096786,2024-12-10T16:31:07.815Z,"42 km W of Petrolia, CA",earthquake,3.34,5.96999979,0.11,14,automatic,nc,nc
2024-12-05T23:53:28.350Z,40.1809997558594,-124.292335510254,8.97999954223633,1.94,md,7,212,0.08961,0.01,nc,nc75096761,2024-12-06T00:22:19.479Z,"16 km SSW of Petrolia, CA",earthquake,1.76,0.639999986,0.02,3,automatic,nc,nc
2024-12-05T23:44:48.440Z,40.4514999389648,-125.048835754395,0.300000011920929,3.24,md,29,275,0.5433,0.49,nc,nc75096746,2024-12-06T14:52:17.496Z,"66 km WNW of Petrolia, CA",earthquake,6.62,16.4599991,0.12,16,automatic,nc,nc
2024-12-05T23:33:23.090Z,40.4068336486816,-125.156669616699,0.0299999993294477,3.11,ml,37,283,0.629,0.27,nc,nc75096721,2024-12-06T14:22:19.284Z,"74 km WNW of Petrolia, CA",earthquake,5.31,10.1099997,0.199,6,automatic,nc,nc
2024-12-05T23:31:24.140Z,40.4943351745605,-125.008331298828,0.209999993443489,3.37,md,25,306,0.512,0.21,nc,nc75096711,2024-12-06T13:52:17.082Z,"64 km W of Ferndale, CA",earthquake,7.59,10.4799995,0.29,15,automatic,nc,nc
2024-12-05T23:26:57.220Z,40.4031677246094,-125.004997253418,10.1199998855591,2.73,md,13,300,0.5146,0.13,nc,nc75096706,2024-12-06T13:37:15.980Z,"62 km WNW of Petrolia, CA",earthquake,5.5,4.3499999,0.1,13,automatic,nc,nc
2024-12-05T23:17:37.010Z,40.379,-124.996,10,4.17,mw,133,228,0.5076,0.24,nc,nc75096691,2024-12-08T23:37:14.208Z,"61 km WNW of Petrolia, CA",earthquake,0.69,31.61,,8,reviewed,nc,nc
2024-12-05T23:16:23.630Z,40.3906666666667,-124.921333333333,13.8,3.39,ml,81,242,0.4537,0.24,nc,nc75096681,2024-12-07T22:22:15.622Z,"54 km WNW of Petrolia, CA",earthquake,0.75,1.83,0.202,59,reviewed,nc,nc
2024-12-05T23:16:08.000Z,40.2241,-126.1616,8,4,mw,17,,,,ew,ew1733440590,2024-12-10T23:26:14.674Z,"165 km WSW of Ferndale, California",earthquake,7.307,5,0.2,17,automatic,ew,ew
2024-12-05T23:16:06.090Z,40.3129997253418,-124.404335021973,8.53999996185303,1.55,md,11,252,0.05321,0.07,nc,nc75096676,2024-12-06T01:13:15.023Z,"10 km W of Petrolia, CA",earthquake,1.32,0.639999986,0.1,6,automatic,nc,nc
2024-12-05T23:13:51.500Z,40.4871673583984,-124.699996948242,4.90000009536743,3.15,ml,15,301,0.6075,0.16,nc,nc75096661,2024-12-06T12:37:15.571Z,"38 km W of Ferndale, CA",earthquake,7.44,7.30000019,0.367,8,automatic,nc,nc
2024-12-05T23:13:41.060Z,40.3293342590332,-124.865333557129,0.829999983310699,3.26,ml,33,258,0.4018,0.36,nc,nc75096666,2024-12-06T12:52:16.669Z,"49 km WNW of Petrolia, CA",earthquake,3.8,7.07000017,0.362,8,automatic,nc,nc
2024-12-05T23:12:35.760Z,40.2911682128906,-124.485168457031,19.7399997711182,2.09,md,7,307,0.2448,0.06,nc,nc75096656,2024-12-05T23:22:14.984Z,"17 km W of Petrolia, CA",earthquake,5.18,1.27999997,0.01,2,automatic,nc,nc
2024-12-05T23:07:21.570Z,40.300666809082,-124.326332092285,14.7799997329712,1.87,md,9,136,0.01743,0.03,nc,nc75096646,2024-12-05T23:22:13.985Z,"4 km WSW of Petrolia, CA",earthquake,1.35,1.94000006,0.22,5,automatic,nc,nc
2024-12-05T23:06:48.700Z,40.3636665344238,-124.925498962402,0,2.93,md,36,267,0.4519,0.35,nc,nc75096651,2024-12-06T12:22:14.484Z,"54 km WNW of Petrolia, CA",earthquake,4.28,7.46000004,0.09,16,automatic,nc,nc
2024-12-05T23:05:14.110Z,40.2864990234375,-124.464332580566,6.40999984741211,2.36,md,16,259,0.09315,0.08,nc,nc75096641,2024-12-05T23:17:19.951Z,"16 km W of Petrolia, CA",earthquake,1.6,0.649999976,0.1,9,automatic,nc,nc
2024-12-05T23:04:31.290Z,40.3230018615723,-124.799499511719,16.9599990844727,3.61,md,17,312,0.3511,0.27,nc,nc75096636,2024-12-06T16:10:07.296Z,"44 km W of Petrolia, CA",earthquake,12.11,3.78999996,0.1,12,reviewed,nc,nc
2024-12-05T23:01:30.830Z,40.2944984436035,-124.508834838867,19.7399997711182,2.74,md,22,267,0.1273,0.08,nc,nc75096626,2024-12-06T11:52:16.287Z,"19 km W of Petrolia, CA",earthquake,1.36,0.289999992,0.1,18,automatic,nc,nc
2024-12-05T22:59:14.320Z,40.4073333740234,-125.039497375488,9.85000038146973,2.94,md,28,284,0.5457,0.21,nc,nc75096616,2024-12-06T11:22:14.087Z,"65 km WNW of Petrolia, CA",earthquake,4.94,4.32000017,0.04,9,automatic,nc,nc
2024-12-05T22:57:21.930Z,40.3240013122559,-124.553665161133,11.6800003051758,2.13,md,11,307,0.1653,0.05,nc,nc75096611,2024-12-05T23:17:15.951Z,"23 km W of Petrolia, CA",earthquake,2.68,0.540000021,0.07,5,automatic,nc,nc
2024-12-05T22:55:55.780Z,40.3699989318848,-125.144332885742,2.00999999046326,2.86,md,56,249,0.6183,0.23,nc,nc75096606,2024-12-06T11:07:17.983Z,"73 km WNW of Petrolia, CA",earthquake,1.78,5.11999989,0.15,13,automatic,nc,nc
2024-12-05T22:48:39.470Z,40.2573318481445,-124.64616394043,0.860000014305115,2.87,ml,17,276,0.2343,0.41,nc,nc75096586,2024-12-06T10:37:14.783Z,"32 km W of Petrolia, CA",earthquake,11.52,20.0699997,1.749,5,automatic,nc,nc
2024-12-05T22:45:13.970Z,40.3696666666667,-125.019,0.02,3.48,ml,107,235,0.5234,0.19,nc,nc75096581,2024-12-07T12:17:17.490Z,"62 km WNW of Petrolia, CA",earthquake,0.71,2.5,0.178,67,reviewed,nc,nc
2024-12-05T22:41:23.200Z,40.3185005187988,-124.721168518066,17.3500003814697,3.3,ml,47,232,0.2911,0.21,nc,nc75096576,2024-12-06T10:07:21.707Z,"37 km W of Petrolia, CA",earthquake,1.44,0.850000024,0.267,8,automatic,nc,nc
2024-12-05T22:37:58.340Z,40.2508316040039,-124.498832702637,12.289999961853,1.89,md,5,318,0.1253,0.08,nc,nc75096566,2024-12-06T01:14:22.825Z,"20 km WSW of Petrolia, CA",earthquake,5.58,1.79999995,0.08,4,automatic,nc,nc
2024-12-05T22:27:11.070Z,40.2401657104492,-124.43383026123,13.1199998855591,2.95,md,13,286,0.08485,0.22,nc,nc75096541,2024-12-06T09:47:18.432Z,"16 km WSW of Petrolia, CA",earthquake,2.52,1.00999999,0.05,14,automatic,nc,nc
2024-12-05T22:22:55.410Z,40.3139991760254,-124.491996765137,10.9099998474121,2.53,md,14,266,0.1171,0.09,nc,nc75096536,2024-12-05T22:32:20.640Z,"18 km W of Petrolia, CA",earthquake,1.87,0.620000005,0.1,11,automatic,nc,nc
2024-12-05T22:20:58.240Z,40.3666648864746,-124.817832946777,10.5699996948242,2.48,md,18,299,0.3716,0.33,nc,nc75096526,2024-12-05T22:32:20.760Z,"45 km WNW of Petrolia, CA",earthquake,9.04,5.94999981,0.07,10,automatic,nc,nc
2024-12-05T22:19:28.970Z,40.3286666870117,-124.466835021973,12.1899995803833,1.72,md,9,262,0.1032,0.02,nc,nc75096521,2024-12-05T22:21:06.493Z,"15 km WNW of Petrolia, CA",earthquake,1.85,0.769999981,0.12,5,automatic,nc,nc
2024-12-05T22:14:54.420Z,40.2874984741211,-124.511833190918,18.2199993133545,2.59,md,13,269,0.1295,0.09,nc,nc75096506,2024-12-05T22:32:19.640Z,"20 km W of Petrolia, CA",earthquake,1.88,0.639999986,0.14,11,automatic,nc,nc
2024-12-05T22:10:50.850Z,40.2558326721191,-124.399002075195,9.5600004196167,2.27,md,9,293,0.1755,0.16,nc,nc75096496,2024-12-06T01:14:42.575Z,"12 km WSW of Petrolia, CA",earthquake,10.22,1.79999995,0.08,7,automatic,nc,nc
2024-12-05T22:06:10.930Z,40.3651657104492,-125.023498535156,0.150000005960464,3.24,ml,82,245,0.5262,0.25,nc,nc75096486,2024-12-06T09:32:15.335Z,"63 km WNW of Petrolia, CA",earthquake,1.27,3.86999989,0.23,6,automatic,nc,nc
2024-12-05T22:04:24.470Z,40.3079986572266,-124.511001586914,10.3000001907349,3.42,ml,26,259,0.1303,0.08,nc,nc75096481,2024-12-06T09:17:21.215Z,"19 km W of Petrolia, CA",earthquake,1.15,0.379999995,0.148,12,automatic,nc,nc
2024-12-05T22:02:54.550Z,40.3056678771973,-124.434669494629,15.5299997329712,1.67,md,13,259,0.0725,0.08,nc,nc75096476,2024-12-05T22:32:15.639Z,"13 km W of Petrolia, CA",earthquake,1.55,0.769999981,0.11,8,automatic,nc,nc
2024-12-05T22:02:23.170Z,40.2929992675781,-124.454498291016,17,2.4,md,8,291,0.08572,0.05,nc,nc75096471,2024-12-05T22:27:18.613Z,"15 km W of Petrolia, CA",earthquake,2.08,0.699999988,0.07,6,automatic,nc,nc
2024-12-05T21:58:38.670Z,40.275333404541,-124.306503295898,18.2199993133545,2.21,md,5,273,0.03055,0.14,nc,nc75096466,2024-12-05T22:27:17.700Z,"6 km SSW of Petrolia, CA",earthquake,10.65,3.50999999,0.11,6,automatic,nc,nc
2024-12-05T21:57:40.580Z,40.3718338012695,-124.585166931152,13.4399995803833,2.27,md,11,301,0.2011,0.06,nc,nc75096461,2024-12-05T22:27:17.612Z,"26 km WNW of Petrolia, CA",earthquake,2.92,0.829999983,0.08,10,automatic,nc,nc
2024-12-05T21:52:56.820Z,40.4073333333333,-124.920333333333,5.39,2.95,md,20,303,0.45,0.21,nc,nc75096446,2024-12-09T21:17:18.449Z,"55 km WNW of Petrolia, CA",earthquake,0.85,1.69,0.134,59,reviewed,nc,nc
2024-12-05T21:47:12.800Z,40.3438333333333,-124.919666666667,10,3.99,ml,167,225,0.4447,0.27,nc,nc75096436,2024-12-07T08:58:18.530Z,"54 km WNW of Petrolia, CA",earthquake,0.67,31.61,0.138,114,reviewed,nc,nc
2024-12-05T21:40:02.310Z,40.365,-125.018166666667,11.42,2.83,md,19,308,0.5221,0.14,nc,nc75096621,2024-12-07T10:32:17.738Z,"62 km WNW of Petrolia, CA",earthquake,0.95,1.62,0.419,13,reviewed,nc,nc
2024-12-05T21:35:47.210Z,40.2921676635742,-124.505165100098,17.9400005340576,2.51,md,20,266,0.1244,0.09,nc,nc75096416,2024-12-06T12:33:10.009Z,"19 km W of Petrolia, CA",earthquake,1.65,0.49000001,0.1,15,automatic,nc,nc
2024-12-05T21:34:48.130Z,40.2343330383301,-124.642333984375,7.44999980926514,2.5,md,11,280,0.2357,0.07,nc,nc75096411,2024-12-05T21:42:19.292Z,"32 km W of Petrolia, CA",earthquake,2.02,2.26999998,0.08,10,automatic,nc,nc
2024-12-05T21:31:51.830Z,40.3108329772949,-124.610832214355,20.8400001525879,2.96,md,39,242,0.2064,0.19,nc,nc75096406,2024-12-06T12:32:50.032Z,"28 km W of Petrolia, CA",earthquake,2.06,0.469999999,0.1,24,automatic,nc,nc
2024-12-05T21:18:19.660Z,40.3466682434082,-124.211669921875,29.5900001525879,2.52,md,26,77,0.06076,0.11,nc,nc75096366,2024-12-06T00:05:35.970Z,"7 km E of Petrolia, CA",earthquake,0.72,1.10000002,0.18,18,automatic,nc,nc
2024-12-05T21:11:48.750Z,40.3128318786621,-124.692665100098,7.05000019073486,2.97,md,8,318,0.3162,0.03,nc,nc75096351,2024-12-06T07:17:18.428Z,"35 km W of Petrolia, CA",earthquake,4.21,2.75999999,0.09,7,automatic,nc,nc
2024-12-05T21:08:34.320Z,40.365,-124.986166666667,0.3,3.4,ml,126,230,0.4979,0.17,nc,nc75096341,2024-12-07T15:52:14.947Z,"60 km WNW of Petrolia, CA",earthquake,0.68,2.26,0.23,49,reviewed,nc,nc
2024-12-05T21:07:26.100Z,40.3455009460449,-124.936836242676,10.5799999237061,3.29,ml,67,243,0.4579,0.26,nc,nc75096336,2024-12-06T06:47:16.057Z,"55 km WNW of Petrolia, CA",earthquake,1.9,1.88,0.134,8,automatic,nc,nc
2024-12-05T21:05:11.930Z,40.3126678466797,-124.428001403809,4.26999998092651,3.27,ml,5,261,0.1768,0.05,nc,nc75096331,2024-12-06T06:32:14.929Z,"12 km W of Petrolia, CA",earthquake,1.78,7.84000015,1.866,5,automatic,nc,nc
2024-12-05T21:04:33.740Z,40.3206672668457,-124.890663146973,11.4300003051758,2.49,md,9,321,0.4636,0.08,nc,nc75096326,2024-12-05T21:32:16.300Z,"51 km W of Petrolia, CA",earthquake,8.55,4.88000011,0.07,5,automatic,nc,nc
2024-12-05T20:56:55.060Z,40.3061676025391,-124.629997253418,12.8000001907349,2.56,md,10,289,0.242,0.06,nc,nc75096291,2024-12-05T21:12:18.066Z,"29 km W of Petrolia, CA",earthquake,3.68,1.88,0.09,9,automatic,nc,nc
2024-12-05T20:54:43.050Z,40.3136672973633,-124.483001708984,12.3100004196167,2.31,md,7,311,0.1522,0.03,nc,nc75096281,2024-12-05T21:12:17.065Z,"17 km W of Petrolia, CA",earthquake,5.21,1.44000006,,1,automatic,nc,nc
2024-12-05T20:53:55.550Z,40.324333190918,-125.059669494629,0.109999999403954,3.34,ml,18,298,0.5649,0.41,nc,nc75096391,2024-12-06T08:07:16.760Z,"66 km WNW of Petrolia, CA",earthquake,10.33,15.2600002,0.299,4,automatic,nc,nc
2024-12-05T20:46:45.490Z,40.416332244873,-125.075164794922,7.40999984741211,2.91,ml,40,265,0.5775,0.32,nc,nc75096256,2024-12-06T06:17:18.020Z,"68 km WNW of Petrolia, CA",earthquake,3.49,5.07000017,0.272,8,automatic,nc,nc
2024-12-05T20:39:28.740Z,40.3833333333333,-125.127333333333,22.94,3.48,ml,121,233,0.6073,0.21,nc,nc75096241,2024-12-07T16:22:17.153Z,"72 km WNW of Petrolia, CA",earthquake,1.03,7.21,0.178,62,reviewed,nc,nc
2024-12-05T20:32:32.070Z,40.3456666666667,-124.786,21.35,3.38,ml,16,281,0.3662,0.1,nc,nc75096226,2024-12-06T16:07:16.035Z,"43 km WNW of Petrolia, CA",earthquake,0.64,0.97,0.212,12,reviewed,nc,nc
2024-12-05T20:28:47.690Z,40.3129997253418,-124.505165100098,10.8299999237061,3.41,ml,21,270,0.1267,0.07,nc,nc75096211,2024-12-06T05:32:14.510Z,"19 km W of Petrolia, CA",earthquake,1.18,0.319999993,0.328,11,automatic,nc,nc
2024-12-05T20:21:09.480Z,40.2608337402344,-124.546333312988,3.49000000953674,2.94,md,7,318,0.2492,0.04,nc,nc75096371,2024-12-06T07:47:16.624Z,"23 km W of Petrolia, CA",earthquake,5.79,3.03999996,0.1,5,automatic,nc,nc
2024-12-05T20:16:09.320Z,40.3221666666667,-124.486,10.76,2.29,md,16,266,0.1147,0.07,nc,nc75096191,2024-12-07T07:07:18.282Z,"17 km W of Petrolia, CA",earthquake,1.94,0.45,0.362,11,reviewed,nc,nc
2024-12-05T20:12:09.640Z,40.3721656799316,-124.89282989502,0.910000026226044,3.95,ml,47,244,0.4289,0.26,nc,nc75096186,2024-12-06T05:07:15.344Z,"52 km WNW of Petrolia, CA",earthquake,2.95,5.21999979,0.296,12,reviewed,nc,nc
2024-12-05T20:09:35.040Z,40.2391662597656,-124.904663085938,7.8600001335144,2.85,md,7,339,0.4329,0.04,nc,nc75096176,2024-12-06T04:47:19.210Z,"53 km W of Petrolia, CA",earthquake,6.96,4.94999981,0.07,6,automatic,nc,nc
2024-12-05T20:08:54.870Z,40.309,-124.615666666667,21.35,2.99,md,13,284,0.2699,0.16,nc,nc75096171,2024-12-06T21:27:17.276Z,"28 km W of Petrolia, CA",earthquake,4.78,1.22,0.259,17,reviewed,nc,nc
2024-12-05T20:04:45.350Z,40.3396666666667,-124.756,12.46,4.43,ml,15,279,0.3472,0.2,nc,nc75001648,2024-12-06T20:10:10.376Z,"40 km WNW of Petrolia, CA",earthquake,0.82,1.13,0.165,4,reviewed,nc,nc
2024-12-05T20:04:22.680Z,40.3403333333333,-124.908833333333,8,4.04,ml,87,225,0.4361,0.28,nc,nc75096156,2024-12-06T20:07:45.549Z,"53 km WNW of Petrolia, CA",earthquake,0.62,1.05,0.129,3,reviewed,nc,nc
2024-12-05T20:00:21.140Z,40.4835014343262,-124.519996643066,24.9300003051758,3.85,ml,43,246,0.1394,0.11,nc,nc75096151,2024-12-06T04:07:14.941Z,"24 km WSW of Ferndale, CA",earthquake,1.09,0.709999979,0.222,15,reviewed,nc,nc
2024-12-05T19:58:03.410Z,40.2991666666667,-124.5075,8.2,3.51,md,37,259,0.1266,0.16,nc,nc75096146,2024-12-06T21:57:15.487Z,"19 km W of Petrolia, CA",earthquake,0.42,0.36,0.181,33,reviewed,nc,nc
2024-12-05T19:48:19.860Z,40.484001159668,-125.060333251953,0.129999995231628,3.11,ml,29,280,0.6143,0.48,nc,nc75096111,2024-12-06T03:32:17.698Z,"68 km WNW of Petrolia, CA",earthquake,7.12,14.1499996,0.238,11,automatic,nc,nc
2024-12-05T19:46:53.330Z,40.3931666666667,-124.996666666667,12.85,3.24,ml,45,258,0.5098,0.13,nc,nc75096106,2024-12-07T16:37:14.251Z,"61 km WNW of Petrolia, CA",earthquake,1.76,1.8,0.182,24,reviewed,nc,nc
2024-12-05T19:38:07.690Z,40.3511657714844,-124.490501403809,19.7999992370605,3.26,ml,8,319,0.1291,0.15,nc,nc75096066,2024-12-06T02:47:18.405Z,"18 km WNW of Petrolia, CA",earthquake,5.42,1.79999995,0.204,6,automatic,nc,nc
2024-12-05T19:36:38.630Z,40.3786666666667,-124.949333333333,10,3.6,ml,147,232,0.4725,0.27,nc,nc75096071,2024-12-09T01:32:16.982Z,"57 km WNW of Petrolia, CA",earthquake,0.73,31.61,0.147,95,reviewed,nc,nc
2024-12-05T19:31:23.290Z,40.3030014038086,-124.802169799805,-0.419999986886978,3.08,ml,16,255,0.3964,0.5,nc,nc75096051,2024-12-06T02:32:17.305Z,"44 km W of Petrolia, CA",earthquake,8.14,15.1899996,0.244,4,automatic,nc,nc
2024-12-05T19:28:54.610Z,40.2653350830078,-124.586334228516,17.1599998474121,3.09,ml,13,311,0.2378,0.07,nc,nc75096036,2024-12-06T01:57:17.052Z,"26 km W of Petrolia, CA",earthquake,2.55,0.75999999,0.049,4,automatic,nc,nc
2024-12-05T19:21:14.540Z,40.3313333333333,-124.680166666667,4.31,3.38,ml,53,248,0.2617,0.19,nc,nc75096026,2024-12-10T03:56:18.100Z,"34 km WNW of Petrolia, CA",earthquake,0.73,0.83,0.165,64,reviewed,nc,nc
2024-12-05T19:18:47.540Z,40.3303333333333,-124.974333333333,1.9,2.91,md,13,289,0.6278,0.18,nc,nc75001653,2024-12-06T18:52:15.197Z,"58 km WNW of Petrolia, CA",earthquake,6.16,7.26,0.368,7,reviewed,nc,nc
2024-12-05T19:18:19.030Z,40.3633333333333,-124.696,15.6,3.55,ml,20,280,0.4354,0.11,nc,nc75095996,2024-12-08T13:29:13.040Z,"35 km WNW of Petrolia, CA",earthquake,3.06,1.34,0.143,9,reviewed,nc,nc
2024-12-05T19:14:42.550Z,40.3516654968262,-124.971168518066,0.170000001788139,3.71,md,33,259,0.496,0.23,nc,nc75095981,2024-12-06T00:57:15.621Z,"58 km WNW of Petrolia, CA",earthquake,1.57,4.94999981,0.27,14,reviewed,nc,nc
2024-12-05T19:10:07.870Z,40.347,-124.926333333333,10,3.5,ml,113,233,0.4502,0.25,nc,nc75095961,2024-12-09T16:54:34.961Z,"54 km WNW of Petrolia, CA",earthquake,0.67,31.61,0.182,79,reviewed,nc,nc
2024-12-05T19:05:51.110Z,40.3253333333333,-124.671666666667,9.08,3.7,ml,56,241,0.2543,0.23,nc,nc75095936,2024-12-09T17:42:16.527Z,"33 km WNW of Petrolia, CA",earthquake,0.72,0.59,0.148,109,reviewed,nc,nc
2024-12-05T19:02:46.050Z,40.4813346862793,-124.624168395996,-0.270000010728836,3.33,ml,33,259,0.3045,0.47,nc,nc75095901,2024-12-09T16:52:54.742Z,"32 km W of Ferndale, CA",earthquake,4.76,8.81999969,0.145,7,automatic,nc,nc
2024-12-05T18:46:27.619Z,40.4422,-125.0287,10,4.7,ml,20,253,0.694,0.54,us,us7000nwbj,2024-12-06T18:50:08.920Z,"66 km WSW of Ferndale, California",earthquake,4.16,1.995,0.066,30,reviewed,us,us
2024-12-05T18:44:21.110Z,40.374,-125.021666666667,10,7,mw,172,229,0.5261,0.23,nc,nc75095651,2024-12-11T01:00:28.149Z,"2024 Offshore Cape Mendocino, California Earthquake",earthquake,0.63,31.61,0.018,303,reviewed,nc,nc
